player_id,name,positions,position_universal,club_name,defender_role,defending_defensive_awareness,defending_standing_tackle,defending_sliding_tackle,power_strength,power_jumping,attacking_short_passing,skill_long_passing,skill_ball_control,mentality_interceptions,mentality_aggression,mentality_composure,mentality_vision,movement_reactions,movement_balance,weak_foot,height_cm,weight_kg,age,num_positions,nearest_cluster,distance_to_cluster
264453,M. van de Ven,"CB, LB",DF,Tottenham Hotspur,HYBRID_DEF,83,84,86,85,92,77,74,75,83,82,83,59,84,49,3,74.0,68.42105263157895,24,2,0,14.940279557046736
256197,P. Hincapié,"CB, LB",DF,Arsenal,HYBRID_DEF,83,85,88,77,88,78,74,74,83,87,76,57,82,69,2,56.0,52.63157894736842,24,2,0,14.948172243737703
247103,D. Hancko,"LB, CB",DF,Atlético Madrid,HYBRID_DEF,83,84,82,87,86,80,76,78,80,81,77,72,84,62,3,64.0,61.40350877192982,28,2,0,14.878973921417561
220793,D. Sánchez,"CB, RB",DF,Galatasaray SK,HYBRID_DEF,83,81,82,88,92,76,76,75,82,85,69,71,78,64,2,62.0,59.64912280701754,29,2,0,14.92443766511893
208920,N. Aké,"CB, LB",DF,Manchester City,HYBRID_DEF,83,83,82,76,86,78,75,78,83,78,78,68,83,68,3,48.0,49.12280701754386,31,2,0,14.85613883232544
243854,M. Simakan,"CB, RB",DF,Al Nassr,HYBRID_DEF,80,85,77,83,89,74,70,71,82,79,76,63,78,64,3,62.0,61.40350877192982,25,2,0,14.640664625748244
220814,L. Hernández,"CB, LB",DF,Paris Saint-Germain,HYBRID_DEF,82,84,82,78,84,78,66,76,80,89,80,71,81,69,2,56.0,56.14035087719298,30,2,0,14.94285059659446
200724,Nacho Fernández,"CB, LB, RB",DF,Al Qadsiah FC,HYBRID_DEF,81,81,80,79,83,81,67,78,80,80,75,53,81,76,4,48.0,50.87719298245614,36,3,0,29.0275999564383
265693,J. Kiwior,"CB, LB",DF,FC Porto,HYBRID_DEF,82,83,81,79,83,83,77,78,80,78,76,66,80,55,3,66.0,49.12280701754386,26,2,0,14.664058205600664
262138,C. Lukeba,"CB, LB",DF,RB Leipzig,HYBRID_DEF,80,85,77,78,88,76,75,74,80,78,80,72,79,68,2,54.0,64.91228070175438,23,2,0,14.83087455529502
257278,A. Theate,"CB, LB",DF,Eintracht Frankfurt,HYBRID_DEF,81,81,77,82,82,77,76,75,83,82,77,70,80,56,3,58.0,54.3859649122807,25,2,0,14.653348172595525
252802,W. Singo,"CB, RB",DF,Galatasaray SK,HYBRID_DEF,77,81,80,85,89,75,70,76,78,84,75,64,79,60,2,68.0,56.14035087719298,25,2,0,14.705538194787895
230918,T. Chalobah,"CB, RB",DF,Chelsea,HYBRID_DEF,81,80,79,83,86,77,75,74,82,76,78,67,79,60,3,72.0,49.12280701754386,26,2,0,14.597989391068122
224196,R. Bensebaini,"CB, LB",DF,Borussia Dortmund,HYBRID_DEF,74,82,88,78,88,77,68,82,74,82,74,63,76,67,4,62.0,61.40350877192982,30,2,0,14.85011964677534
198032,D. Burn,"CB, LB",DF,Newcastle United,HYBRID_DEF,81,80,80,90,71,75,69,69,78,86,76,61,79,32,3,90.0,100.0,33,2,0,15.324878589013432
236804,F. Medina,"CB, LB",DF,Olympique de Marseille,HYBRID_DEF,78,81,80,81,82,79,76,76,79,84,79,70,80,67,2,56.0,52.63157894736842,26,2,0,14.760252152619
236045,Reinildo,"LB, CB",DF,Sunderland,HYBRID_DEF,77,78,78,75,88,75,60,75,76,81,73,64,76,71,3,48.0,45.6140350877193,32,2,0,14.67013559432793
212190,N. Süle,"CB, RB",DF,Borussia Dortmund,HYBRID_DEF,79,80,81,92,72,76,78,72,80,77,84,66,79,44,3,78.0,91.2280701754386,30,2,0,15.13360797864871
276493,S. Mouriño,"RB, CB",DF,Villarreal CF,HYBRID_DEF,77,80,75,82,88,72,67,73,81,82,68,60,73,72,3,60.0,50.87719298245614,24,2,0,14.554792320783635
266096,Tomás Araújo,"CB, RB",DF,SL Benfica,HYBRID_DEF,75,80,74,82,89,78,79,76,78,73,74,71,78,58,2,62.0,59.64912280701754,23,2,0,14.66697714251294
234205,H. Ito,"CB, LB",DF,FC Bayern München,HYBRID_DEF,83,78,77,77,84,77,80,77,81,72,76,66,82,67,3,64.0,64.91228070175438,26,2,0,14.642057756162485
230212,Zervandro,"CB, LB",DF,Internacional,HYBRID_DEF,81,78,81,74,81,68,72,62,77,88,70,47,79,59,3,52.0,56.14035087719298,26,2,0,14.629410086732971
184432,Azpilicueta,"CB, RB",DF,Sevilla FC,HYBRID_DEF,80,79,78,73,80,78,77,75,79,84,78,72,83,71,3,44.0,50.87719298245614,36,2,0,14.963154323501588
266400,T. Hume,"RB, CB, LB",DF,Sunderland,HYBRID_DEF,75,76,78,76,82,67,64,69,77,84,69,63,73,67,3,48.0,49.12280701754386,23,3,0,28.83317517285418
252144,Eduardo Quaresma,"CB, RB",DF,Sporting CP,HYBRID_DEF,78,81,77,77,88,70,68,74,76,75,77,68,77,70,3,56.0,56.14035087719298,24,2,0,14.548760906489644
237595,M. Friedl,"CB, LB",DF,SV Werder Bremen,HYBRID_DEF,80,79,81,77,80,70,75,71,78,79,73,54,76,62,2,62.0,61.40350877192982,27,2,0,14.593753308027614
230241,Enzo Chissano,"LB, RB, CB",DF,Palmeiras,HYBRID_DEF,76,74,72,65,80,73,68,69,73,68,78,60,77,54,3,18.0,26.31578947368421,30,3,0,29.124913284436513
229942,A. Disasi,"CB, RB",DF,Chelsea,HYBRID_DEF,76,77,75,88,83,72,66,66,76,76,74,55,75,40,2,68.0,68.42105263157895,28,2,0,14.58129880996748
229528,M. Matviienko,"CB, LB, RB",DF,Shakhtar Donetsk,HYBRID_DEF,77,80,77,76,87,80,79,69,76,75,72,60,75,69,3,52.0,47.36842105263158,29,3,0,28.818921532156107
222331,L. Klostermann,"CB, RB",DF,RB Leipzig,HYBRID_DEF,78,78,77,78,88,73,61,71,80,69,67,55,81,60,3,66.0,75.43859649122807,29,2,0,14.571912724525331
208364,Clinton Mata,"CB, RB",DF,Olympique Lyonnais,HYBRID_DEF,78,77,76,75,83,72,71,73,78,76,77,61,78,69,3,48.0,45.6140350877193,33,2,0,14.609176666946803
258168,J. Oosterwolde,"CB, LB",DF,Fenerbahçe SK,HYBRID_DEF,77,73,72,80,83,73,69,72,74,86,68,52,71,65,2,72.0,47.36842105263158,24,2,0,14.631051806486012
257368,L. Pirola,"CB, LB",DF,Olympiacos FC,HYBRID_DEF,75,80,76,78,81,72,66,73,72,76,64,57,73,68,3,58.0,56.14035087719298,24,2,0,14.45921572478418
256008,Morato,"CB, LB",DF,Nottingham Forest,HYBRID_DEF,75,77,74,89,76,65,62,63,75,80,75,49,71,43,2,72.0,71.9298245614035,24,2,0,14.611637531878133
253510,J. O'Brien,"RB, CB",DF,Everton,HYBRID_DEF,75,76,74,85,88,73,65,68,75,77,66,62,76,36,3,82.0,64.91228070175438,24,2,0,14.692519848528848
241585,Igor Julio,"CB, LB",DF,West Ham United,HYBRID_DEF,75,77,75,90,80,72,65,65,75,87,70,60,70,48,2,58.0,64.91228070175438,28,2,0,14.64480254658225
231512,L. Kelly,"CB, LB",DF,Juventus,HYBRID_DEF,76,78,76,80,85,73,70,73,72,75,72,60,70,55,3,68.0,68.42105263157895,27,2,0,14.462506571058832
254310,Francés,"CB, RB",DF,Girona FC,HYBRID_DEF,75,75,72,76,86,72,69,69,75,75,67,65,75,74,4,50.0,40.35087719298246,23,2,0,14.655263619162001
259188,V. Jemelka,"CB, LB",DF,Viktoria Plzeň,HYBRID_DEF,72,75,75,80,84,70,72,70,74,76,70,62,70,72,2,62.0,59.64912280701754,30,2,0,14.561151414040918
248698,V. Bondar,"CB, RB, LB",DF,Shakhtar Donetsk,HYBRID_DEF,78,76,73,75,81,80,74,66,77,69,73,48,70,77,2,56.0,45.6140350877193,27,3,0,28.837868723916372
272785,C. Mawissa,"CB, LB",DF,AS Monaco,HYBRID_DEF,72,77,75,76,84,71,56,68,75,74,69,48,73,58,5,56.0,52.63157894736842,20,2,0,14.856226377825706
266160,Mika Mármol,"CB, LB",DF,UD Las Palmas,HYBRID_DEF,75,76,75,74,86,74,72,72,76,72,68,69,69,68,3,50.0,45.6140350877193,24,2,0,14.53637016103186
243133,J. Scally,"RB, CB, LB",DF,Borussia Mönchengladbach,HYBRID_DEF,73,77,73,74,80,69,58,68,73,73,64,59,69,74,3,56.0,57.89473684210526,23,3,0,28.794383491107755
230341,Joshuando Sá,"LB, CB",DF,Bahia,HYBRID_DEF,75,76,74,76,78,72,61,68,74,71,65,49,72,58,3,52.0,59.64912280701754,30,2,0,14.469118898438056
233926,Léo Duarte,"CB, RB",DF,Medipol Başakşehir FK,HYBRID_DEF,77,78,77,79,76,69,56,67,76,83,72,35,74,63,2,54.0,56.14035087719298,29,2,0,14.677295475135614
261097,A. Costa,"CB, LB",DF,Boca Juniors,HYBRID_DEF,75,76,78,76,84,68,62,66,76,80,72,65,72,67,3,46.0,45.6140350877193,26,2,0,14.540573627044585
240640,L. Morales,"CB, RB",DF,Belgrano de Córdoba,HYBRID_DEF,77,73,68,83,82,72,51,69,76,71,65,45,74,72,3,48.0,43.85964912280702,34,2,0,14.601352200580108
230199,Vinicius Cardenha,"RB, CB",DF,Fluminense,HYBRID_DEF,67,75,71,65,70,68,52,62,71,72,73,45,74,68,3,46.0,45.6140350877193,30,2,0,14.614901568113288
230227,Caio Nunson,"CB, LB",DF,Fortaleza,HYBRID_DEF,72,77,72,85,83,71,57,59,66,88,65,51,67,52,3,58.0,66.66666666666667,26,2,0,14.514718516186868
230230,Eltildo Correia,"CB, RB, LB",DF,Atlético Mineiro,HYBRID_DEF,79,75,77,75,74,67,75,55,72,80,75,44,77,51,3,64.0,54.3859649122807,30,3,0,28.798616765989674
263022,M. Rosenfelder,"CB, RB",DF,SC Freiburg,HYBRID_DEF,74,77,76,69,87,68,61,70,73,69,66,55,72,65,3,60.0,50.87719298245614,23,2,0,14.452271337948096
214169,W. Tesillo,"CB, LB",DF,Atlético Nacional,HYBRID_DEF,71,78,76,76,79,72,68,70,79,69,67,45,68,65,3,56.0,47.36842105263158,36,2,0,14.528173554744312
257946,A. Seidu,"CB, RB",DF,Stade Rennais FC,HYBRID_DEF,77,75,74,70,75,68,61,72,76,75,73,52,75,69,3,34.0,43.85964912280702,25,2,0,14.668017663667062
210136,T. Kędziora,"CB, RB",DF,PAOK,HYBRID_DEF,74,74,74,73,79,71,69,66,74,80,69,60,72,67,3,54.0,50.87719298245614,31,2,0,14.432279887311337
251870,J. Cabal,"LB, CB",DF,Juventus,HYBRID_DEF,70,77,81,74,82,74,75,70,72,71,55,62,69,62,3,60.0,56.14035087719298,25,2,0,14.558817463499697
248342,T. Heggem,"CB, LB",DF,Bologna,HYBRID_DEF,73,73,71,82,84,68,61,67,72,68,68,61,71,60,5,72.0,75.43859649122807,27,2,0,14.886187957110787
252964,G. Zappa,"RB, CB",DF,Cagliari,HYBRID_DEF,68,71,69,65,69,66,62,67,72,68,69,62,73,54,2,54.0,54.3859649122807,26,2,0,14.632050995430447
230229,Otávio Cairinho,"CB, RB",DF,Palmeiras,HYBRID_DEF,77,75,76,75,76,64,61,56,72,82,69,44,67,64,3,46.0,57.89473684210526,30,2,0,14.538672549129682
251994,Tiago Esgaio,"RB, LB, CB",DF,FC Arouca,HYBRID_DEF,75,70,67,60,78,69,73,74,69,69,74,67,69,77,4,38.0,43.85964912280702,30,3,0,28.95739473811986
248169,T. Vlček,"CB, RB",DF,SK Slavia Praha,HYBRID_DEF,72,73,70,80,85,70,67,69,75,75,61,66,67,60,3,50.0,45.6140350877193,25,2,0,14.502667682154824
215930,T. Jedvaj,"CB, RB",DF,Panathinaikos FC,HYBRID_DEF,74,74,72,76,84,67,63,65,74,77,66,39,67,65,3,58.0,63.1578947368421,30,2,0,14.49253407690752
211856,K. Akpoguma,"CB, RB",DF,TSG 1899 Hoffenheim,HYBRID_DEF,73,75,70,80,80,68,62,72,72,69,60,46,73,51,4,72.0,66.66666666666667,30,2,0,14.614142226751538
246679,G. Biancone,"CB, RB",DF,Olympiacos FC,HYBRID_DEF,69,77,75,78,80,71,60,75,68,71,64,53,71,56,4,62.0,56.14035087719298,25,2,0,14.538612731345431
246696,G. Velázquez,"CB, RB",DF,Cerro Porteño,HYBRID_DEF,73,69,71,81,90,62,50,57,73,75,74,35,68,65,2,46.0,63.1578947368421,34,2,0,14.797469160343777
227794,C. Verdonk,"LB, CB",DF,Lille OSC,HYBRID_DEF,67,70,74,75,79,70,64,69,68,77,70,66,67,80,2,36.0,38.59649122807018,28,2,0,14.664651119834698
258308,O. Tymchyk,"RB, CB, LB",DF,Dynamo Kyiv,HYBRID_DEF,65,72,65,53,69,69,64,67,74,57,64,64,67,70,3,42.0,47.36842105263158,29,3,0,28.957118232970956
239403,Loureiro,"CB, RB",DF,RC Deportivo de La Coruña,HYBRID_DEF,69,73,73,78,79,68,61,72,75,70,61,37,72,81,3,44.0,49.12280701754386,29,2,0,14.60762236986504
260930,K. Sildillia,"RB, CB",DF,PSV,HYBRID_DEF,72,76,74,71,79,67,57,68,71,71,58,60,66,66,3,60.0,64.91228070175438,23,2,0,14.51769497553196
229705,J. Duverne,"CB, RB, LB",DF,KAA Gent,HYBRID_DEF,71,73,72,75,73,73,63,71,72,68,65,54,69,65,3,60.0,42.10526315789474,28,3,0,28.767019783459013
252017,F. Daniliuc,"CB, RB",DF,FC Basel 1893,HYBRID_DEF,70,71,70,77,73,71,68,65,72,74,72,58,70,53,4,64.0,57.89473684210526,24,2,0,14.552906050095107
225396,B. Ampuero,"CB, RB",DF,Universidad Católica,HYBRID_DEF,72,74,73,81,71,66,61,52,71,75,62,40,71,60,3,48.0,63.1578947368421,32,2,0,14.51810753376451
276377,L. Høgsberg,"CB, RB, LB",DF,RC Strasbourg Alsace,HYBRID_DEF,72,75,72,74,75,73,68,68,74,72,70,52,69,67,3,62.0,40.35087719298246,19,3,0,28.800535234240517
276633,N. Mendy,"CB, LB",DF,Rayo Vallecano,HYBRID_DEF,67,70,73,84,87,67,54,68,70,80,66,54,62,55,3,62.0,63.1578947368421,21,2,0,14.48880672807052
252577,João Ferreira,"RB, CB",DF,AS Saint-Étienne,HYBRID_DEF,73,74,68,69,76,65,62,67,69,74,65,58,74,65,3,58.0,56.14035087719298,24,2,0,14.498407143109066
248492,J. Hill,"CB, RB",DF,AFC Bournemouth,HYBRID_DEF,71,73,72,75,76,68,65,66,72,70,65,53,72,64,3,56.0,45.6140350877193,24,2,0,14.419502578449663
189615,A. Cresswell,"LB, CB",DF,Stoke City,HYBRID_DEF,75,76,75,63,74,75,67,74,74,73,71,68,72,65,3,38.0,33.333333333333336,36,2,0,14.805874309592019
251337,Álex Suárez,"CB, RB",DF,UD Las Palmas,HYBRID_DEF,71,73,71,80,85,67,60,63,72,74,60,48,66,71,3,48.0,43.85964912280702,33,2,0,14.496478782230009
263390,C. Doyle,"CB, LB",DF,Wrexham,HYBRID_DEF,70,72,71,78,80,72,71,69,69,74,73,65,70,58,3,68.0,66.66666666666667,22,2,0,14.469252261595848
277519,Juan Gutiérrez,"CB, RB",DF,CD Mirandés,HYBRID_DEF,68,73,73,86,84,63,50,64,66,73,61,34,60,54,3,64.0,61.40350877192982,26,2,0,14.531539288601365
241941,S. Nsoki,"CB, LB",DF,1. FC Union Berlin,HYBRID_DEF,68,72,71,78,83,67,65,67,69,73,64,63,62,65,2,56.0,63.1578947368421,26,2,1,14.555487298550126
243497,S. Walukiewicz,"CB, RB",DF,Sassuolo,HYBRID_DEF,74,74,72,75,74,64,60,64,73,70,69,40,64,53,2,64.0,57.89473684210526,25,2,0,14.518016363159356
219956,P. Ceccaroni,"CB, LB",DF,Palermo FC,HYBRID_DEF,71,72,70,74,77,70,66,61,70,65,69,60,74,70,3,64.0,50.87719298245614,30,2,0,14.453014557258081
211272,C. Corvalán,"CB, LB",DF,Club Atlético Unión,HYBRID_DEF,64,71,73,78,74,71,71,70,77,80,63,59,74,76,3,46.0,54.3859649122807,36,2,0,14.614227951976167
75087,A. Heaven,"CB, LB",DF,Manchester United,HYBRID_DEF,71,72,71,76,78,66,57,61,70,70,68,55,69,51,3,66.0,64.91228070175438,19,2,0,14.465606071003007
250725,M. Diarra,"CB, LB",DF,Deportivo Alavés,HYBRID_DEF,70,74,71,71,73,69,53,69,72,74,55,50,69,63,2,58.0,45.6140350877193,25,2,1,14.580526285560094
208522,H. Magnússon,"CB, LB",DF,,HYBRID_DEF,72,74,73,73,77,70,75,58,71,66,67,55,70,55,2,70.0,64.91228070175438,33,2,0,14.617794002434003
190868,K. Théophile-Catherine,"CB, RB",DF,Dinamo Zagreb,HYBRID_DEF,65,77,67,80,81,70,72,67,67,84,64,57,65,72,3,54.0,68.42105263157895,36,2,0,14.591496580722989
223134,Z. Yavru,"RB, CB",DF,Samsunspor,HYBRID_DEF,73,71,68,64,55,75,77,66,68,69,68,74,69,77,2,44.0,54.3859649122807,34,2,0,14.974432708535463
205756,S. Denswil,"CB, LB",DF,Kayserispor,HYBRID_DEF,70,72,70,76,70,70,71,70,71,77,73,64,67,56,3,64.0,61.40350877192982,32,2,0,14.501271314133069
262938,S. Andreou,"CB, RB",DF,Widzew Łódź,HYBRID_DEF,66,72,69,79,77,68,64,60,68,73,65,44,69,62,3,62.0,63.1578947368421,23,2,0,14.45368920194289
227632,Jeon Min Gwang,"CB, RB, LB",DF,Pohang Steelers,HYBRID_DEF,69,67,66,84,90,66,59,59,68,68,59,65,65,57,3,62.0,45.6140350877193,33,3,0,28.79982143000384
212546,M. Abena,"CB, RB",DF,Gaziantep FK,HYBRID_DEF,69,70,63,87,82,68,67,58,61,75,66,37,68,55,2,62.0,56.14035087719298,31,2,1,14.533552356494
268622,J. Belocian,"CB, LB",DF,Bayer 04 Leverkusen,HYBRID_DEF,69,72,70,72,75,71,68,68,68,71,64,56,66,68,3,52.0,45.6140350877193,21,2,0,14.493561775594165
247412,A. Pelmard,"CB, RB, LB",DF,Jagiellonia Białystok,HYBRID_DEF,68,71,70,75,80,70,66,65,70,72,66,49,64,77,4,48.0,47.36842105263158,25,3,0,28.83541080422631
246137,K. Ramsay,"RB, CB",DF,Charlton Athletic,HYBRID_DEF,65,68,66,72,81,66,66,69,66,64,69,57,68,69,3,46.0,54.3859649122807,25,2,0,14.480911743897078
214906,A. Hughes,"CB, LB",DF,Preston North End,HYBRID_DEF,69,70,70,78,78,65,65,62,70,74,62,50,68,56,2,60.0,59.64912280701754,33,2,1,14.506587555846393
203137,R. Jansson,"CB, LB",DF,Orlando City SC,HYBRID_DEF,71,74,72,82,77,68,62,64,65,68,59,47,52,53,3,58.0,70.17543859649123,34,2,0,14.632969331073852
246914,R. Rojas,"RB, CB",DF,Libertad,HYBRID_DEF,68,65,68,75,86,67,69,60,68,69,71,66,68,70,3,40.0,49.12280701754386,29,2,0,14.571713340103239
266636,A. Obert,"LB, CB",DF,Cagliari,HYBRID_DEF,68,71,69,68,72,68,63,67,72,61,62,55,68,66,2,62.0,61.40350877192982,23,2,0,14.587382247643127
223905,P. Ng,"RB, CB",DF,Cardiff City,HYBRID_DEF,67,68,68,70,75,68,64,67,67,78,65,63,67,65,4,48.0,52.63157894736842,29,2,0,14.573283182496878
159925,I. Modonza,"RB, CB",DF,Deportes Iquique,HYBRID_DEF,66,77,74,82,81,63,59,64,66,85,67,48,74,64,3,52.0,64.91228070175438,30,2,0,14.560658936423238
193468,L. Benito,"CB, LB",DF,BSC Young Boys,HYBRID_DEF,74,70,67,77,76,65,65,64,70,69,71,62,70,55,3,60.0,66.66666666666667,34,2,0,14.490087713227938
271805,Diego Sánchez,"LB, CB",DF,Real Sporting de Gijón,HYBRID_DEF,67,72,66,72,79,67,58,63,74,72,54,58,69,65,3,42.0,47.36842105263158,22,2,0,14.554359479378254
254172,G. Vallecilla,"CB, LB",DF,Barcelona de Guayaquil,HYBRID_DEF,69,69,66,81,80,65,59,65,68,70,63,48,69,56,4,64.0,59.64912280701754,26,2,0,14.502917790796134
216036,R. Delgado,"CB, LB",DF,Defensa y Justicia,HYBRID_DEF,65,70,67,75,82,66,65,65,67,85,71,70,67,75,3,44.0,56.14035087719298,36,2,0,14.674649088852707
248559,L. Pétrot,"LB, CB",DF,Elche CF,HYBRID_DEF,70,72,73,80,77,63,48,61,69,67,55,46,67,55,2,64.0,57.89473684210526,28,2,1,14.531209651310498
230387,Heitinho Zanon,"CB, LB",DF,Grêmio,HYBRID_DEF,64,73,75,75,72,48,44,48,77,79,70,44,79,55,4,62.0,56.14035087719298,30,2,0,14.795324110876063
257270,T. Pembélé,"RB, CB",DF,Le Havre AC,HYBRID_DEF,64,68,67,60,74,68,59,73,66,59,68,63,67,67,3,54.0,50.87719298245614,23,2,0,14.581693070106864
233978,Vitor Marlão,"LB, CB",DF,Fortaleza,HYBRID_DEF,76,67,72,68,68,72,54,53,67,51,70,43,73,44,3,44.0,42.10526315789474,30,2,0,14.890003496233154
204033,N. Devlin,"RB, CB, LB",DF,Aberdeen,HYBRID_DEF,64,63,64,74,79,63,63,65,62,79,60,57,66,67,3,54.0,45.6140350877193,32,3,0,28.80775996620975
228101,G. Cotugno,"CB, RB",DF,Racing Club de Montevideo,HYBRID_DEF,74,70,69,76,80,61,56,49,66,68,52,29,62,67,3,42.0,56.14035087719298,31,2,0,14.595526443686202
230405,Barbosaldinho,"CB, RB",DF,Vasco da Gama,HYBRID_DEF,64,75,70,73,69,50,47,52,77,75,63,41,75,52,3,60.0,61.40350877192982,34,2,0,14.686258091080372
234501,D. Anyembe,"CB, RB, LB",DF,Viborg FF,HYBRID_DEF,69,70,69,71,77,67,62,64,69,66,67,59,68,69,3,66.0,52.63157894736842,27,3,0,28.772160980172554
266260,J. Suzuki,"RB, CB",DF,FC København,HYBRID_DEF,66,70,69,70,77,69,67,65,66,74,64,59,68,65,5,54.0,50.87719298245614,22,2,0,14.82911366265341
253220,E. Dasa,"RB, CB",DF,NEC Nijmegen,HYBRID_DEF,62,65,64,69,76,65,63,65,66,66,66,65,66,77,3,28.0,26.31578947368421,33,2,0,14.936971278977476
199986,Arbilla,"CB, LB",DF,SD Eibar,HYBRID_DEF,60,69,66,81,72,70,70,65,70,84,60,57,55,60,4,44.0,50.87719298245614,38,2,0,14.84990513487906
261182,J. Malatini,"CB, RB",DF,SV Werder Bremen,HYBRID_DEF,64,67,71,75,76,64,59,67,72,74,64,50,68,61,2,70.0,64.91228070175438,24,2,1,14.53803440000418
196688,A. Corzo,"CB, RB",DF,Universitario de Deportes,HYBRID_DEF,73,68,66,72,74,66,64,68,69,72,66,58,67,72,2,34.0,49.12280701754386,36,2,0,14.708942252584077
255824,G. Campbell,"CB, RB",DF,West Bromwich Albion,HYBRID_DEF,67,68,63,84,83,63,54,64,66,72,56,34,67,52,3,64.0,64.91228070175438,24,2,0,14.463347769657455
80470,B. Goda,"LB, CB",DF,Dinamo Zagreb,HYBRID_DEF,65,68,67,72,75,66,60,62,67,64,58,41,64,60,3,52.0,61.40350877192982,27,2,0,14.438080389814836
274521,S. Quirós,"CB, LB",DF,Racing Club,HYBRID_DEF,68,70,69,69,71,67,55,65,69,69,70,52,67,52,3,46.0,56.14035087719298,23,2,0,14.521279891556924
71261,T. Drexler,"CB, RB",DF,1. FC Nürnberg,HYBRID_DEF,70,73,70,69,73,62,56,58,68,62,59,43,68,61,2,60.0,49.12280701754386,21,2,1,14.544396772374212
224093,M. Komenda,"CB, LB",DF,Holstein Kiel,HYBRID_DEF,70,69,68,76,79,63,62,64,69,71,52,43,59,64,4,54.0,63.1578947368421,29,2,0,14.598172134576005
231527,I. Diallo,"LB, CB, RB",DF,Hajduk Split,HYBRID_DEF,65,67,72,74,76,62,67,66,69,70,67,46,64,72,3,44.0,47.36842105263158,29,3,0,28.80738739089044
74344,M. Young,"CB, RB",DF,Sparta Rotterdam,HYBRID_DEF,73,69,66,73,74,70,66,71,70,64,71,49,69,64,3,54.0,54.3859649122807,20,2,0,14.53177390725042
263020,S. Güler,"CB, RB",DF,Gaziantep FK,HYBRID_DEF,66,68,67,81,79,67,72,56,70,75,64,42,61,53,3,56.0,66.66666666666667,31,2,0,14.513871493031578
271983,K. Keben,"CB, RB",DF,Watford,HYBRID_DEF,69,71,67,77,81,66,42,63,66,59,66,31,64,44,2,68.0,68.42105263157895,22,2,1,14.637029604647804
228729,B. Valdez,"CB, RB",DF,Boca Juniors,HYBRID_DEF,67,68,67,76,86,66,62,63,70,67,63,52,63,58,3,48.0,57.89473684210526,33,2,0,14.494585343680102
219787,A. Mosquera,"CB, RB",DF,América de Cali,HYBRID_DEF,72,68,65,75,79,65,58,59,68,67,56,55,67,55,3,50.0,57.89473684210526,36,2,0,14.520415177581391
264589,L. Gechter,"CB, RB",DF,Hertha BSC,HYBRID_DEF,67,72,67,80,79,60,57,53,68,75,60,52,62,51,3,70.0,59.64912280701754,22,2,0,14.504289640753061
72868,T. Bayramov,"LB, RB, CB",DF,Qarabağ FK,HYBRID_DEF,63,67,65,69,73,64,68,68,66,63,61,67,65,66,3,58.0,56.14035087719298,25,3,0,28.778882073849548
202151,K. Stafylidis,"LB, RB, CB",DF,APOEL FC,HYBRID_DEF,68,72,74,68,64,72,71,68,65,79,66,46,65,74,3,44.0,47.36842105263158,32,3,0,28.898956874542566
222378,L. Suárez,"CB, LB",DF,Talleres,HYBRID_DEF,72,70,72,79,78,56,45,59,67,67,70,31,66,52,2,56.0,59.64912280701754,30,2,1,14.599009763798088
247467,G. Ávila,"CB, LB",DF,Ajax,HYBRID_DEF,69,69,70,72,75,66,64,64,69,73,67,62,63,69,3,52.0,54.3859649122807,24,2,0,14.47734132466247
270764,Léo Borges,"CB, LB",DF,Pogoń Szczecin,HYBRID_DEF,68,71,67,79,79,67,65,65,68,66,64,57,61,71,3,46.0,52.63157894736842,25,2,0,14.443208763900438
231874,J. Horn,"LB, CB",DF,SK Rapid,HYBRID_DEF,63,71,67,74,80,65,48,65,67,67,60,44,66,63,3,60.0,56.14035087719298,29,2,0,14.488784165905777
266180,M. Talovierov,"CB, RB",DF,Stoke City,HYBRID_DEF,67,68,67,83,81,62,64,60,67,75,57,52,64,37,3,78.0,64.91228070175438,25,2,0,14.484100437049348
248777,J. Mellot,"RB, LB, CB",DF,CD Castellón,HYBRID_DEF,66,65,62,80,83,62,58,65,63,64,66,42,60,70,3,44.0,52.63157894736842,31,3,0,28.811637674085123
253146,Kaique Rocha,"CB, RB",DF,Casa Pia,HYBRID_DEF,66,68,67,85,79,58,58,63,69,66,52,40,65,41,3,78.0,75.43859649122807,25,2,0,14.489081402579263
232413,A. Dijksteel,"RB, CB",DF,Kocaelispor,HYBRID_DEF,69,71,68,76,72,68,61,66,67,74,62,44,68,69,2,54.0,43.85964912280702,29,2,1,14.511365591265204
269288,B. Goncalves,"CB, LB",DF,FCV Dender EH,HYBRID_DEF,67,70,70,79,78,69,64,60,67,68,55,30,60,54,3,68.0,61.40350877192982,29,2,0,14.477890132425294
268782,B. Al Rawi,"RB, CB",DF,,HYBRID_DEF,67,71,69,74,77,67,65,69,64,75,65,55,63,75,3,38.0,47.36842105263158,28,2,0,14.525328831728833
254703,N. Giménez,"CB, LB",DF,Libertad,HYBRID_DEF,72,70,67,73,81,65,51,63,69,66,50,33,66,53,3,36.0,43.85964912280702,28,2,0,14.66040071166555
245233,M. Steinwender,"CB, RB",DF,Hearts,HYBRID_DEF,69,69,66,83,72,64,56,61,68,70,64,31,67,57,3,68.0,52.63157894736842,25,2,0,14.449818567433226
232437,F. Ricca,"CB, LB",DF,Belgrano de Córdoba,HYBRID_DEF,70,70,70,68,71,65,63,67,70,77,65,50,68,73,3,44.0,45.6140350877193,31,2,0,14.492998077628426
278262,L. Mincarelli,"LB, CB",DF,Montpellier HSC,HYBRID_DEF,71,70,68,48,58,68,65,66,70,69,67,58,69,70,3,46.0,40.35087719298246,22,2,0,14.930943243633585
210695,H. Aleesami,"CB, LB",DF,FK Bodø/Glimt,HYBRID_DEF,67,68,66,75,73,66,64,62,65,68,63,62,67,59,3,54.0,59.64912280701754,34,2,0,14.447450943855703
262665,K. Schmidt,"CB, LB",DF,Fortuna Düsseldorf,HYBRID_DEF,69,71,66,76,81,68,62,64,67,64,54,42,61,54,4,62.0,59.64912280701754,23,2,0,14.548323417712774
263434,F. Mansilla,"CB, LB",DF,Central Cordoba SdE,HYBRID_DEF,68,72,67,72,69,57,53,59,74,67,51,31,64,53,3,68.0,56.14035087719298,27,2,0,14.470326084718792
262160,W. Faye,"CB, RB",DF,RAAL La Louvière,HYBRID_DEF,68,71,70,68,72,62,50,67,67,71,63,33,63,67,2,48.0,47.36842105263158,32,2,0,14.631913982069534
274208,I. Kostis,"CB, LB",DF,Atlético Madrid,HYBRID_DEF,66,69,65,78,73,59,53,61,68,66,60,28,66,50,3,72.0,59.64912280701754,23,2,0,14.484559478045883
238375,J. Sagredo,"CB, LB",DF,Bolívar,HYBRID_DEF,66,68,67,72,80,60,54,73,65,73,49,50,62,68,3,48.0,50.87719298245614,32,2,0,14.605319696359341
236074,Fred Soidares,"LB, CB",DF,Vitória,HYBRID_DEF,63,74,66,76,80,60,52,57,72,71,78,46,69,45,4,68.0,56.14035087719298,30,2,0,14.625308647310119
275244,I. Samuels-Smith,"LB, CB",DF,Swansea City,HYBRID_DEF,60,66,66,66,72,65,60,65,63,64,66,56,65,57,3,60.0,50.87719298245614,19,2,0,14.498419699575479
246840,E. Wiemberg,"LB, CB",DF,Colo-Colo,HYBRID_DEF,64,67,64,71,75,65,59,65,64,68,58,48,62,64,2,44.0,38.59649122807018,31,2,2,14.607724385716214
230718,E. Botka,"RB, CB",DF,Ferencvárosi Torna Club,HYBRID_DEF,70,69,71,72,77,62,63,60,67,82,57,51,64,64,3,44.0,52.63157894736842,31,2,0,14.57639257497491
213064,F. Calvo,"CB, LB",DF,Al Ettifaq,HYBRID_DEF,62,70,66,74,74,62,66,62,72,78,61,52,66,78,3,48.0,56.14035087719298,33,2,0,14.569797121056473
241737,B. Risa,"CB, LB",DF,Molde FK,HYBRID_DEF,67,68,66,72,77,66,61,67,66,68,62,54,66,58,3,64.0,56.14035087719298,28,2,0,14.415853186047881
263262,K. Szcześniak,"CB, RB",DF,Górnik Zabrze,HYBRID_DEF,69,69,68,71,76,59,50,59,67,70,52,30,65,64,3,60.0,47.36842105263158,25,2,0,14.490377796620281
78686,Felipe Andrade,"LB, CB",DF,Houston Dynamo,HYBRID_DEF,68,70,69,69,77,66,59,61,60,58,61,47,56,60,4,52.0,56.14035087719298,23,2,0,14.58681888584658
74853,T. Silvero,"CB, RB",DF,Vélez Sarsfield,HYBRID_DEF,63,65,64,82,93,62,48,65,67,64,67,42,67,49,3,64.0,50.87719298245614,19,2,0,14.706436702304423
215399,Rúben Vezo,"CB, RB",DF,Olympiacos FC,HYBRID_DEF,67,68,68,74,75,67,65,68,67,71,67,54,66,69,2,54.0,57.89473684210526,31,2,0,14.515142829460984
247913,L. Miller,"CB, RB",DF,Blackburn Rovers,HYBRID_DEF,66,66,67,74,73,64,57,64,67,72,58,55,66,56,3,62.0,63.1578947368421,25,2,0,14.43879087386381
254826,L. Aponte,"CB, RB",DF,Carabobo FC,HYBRID_DEF,70,68,68,68,73,65,66,62,70,68,62,38,63,67,2,38.0,43.85964912280702,31,2,0,14.6731526228524
247407,K. Mouanga,"CB, RB",DF,FC Lausanne-Sport,HYBRID_DEF,69,71,66,78,77,61,52,53,66,65,48,38,60,40,3,70.0,66.66666666666667,25,2,0,14.466925573362335
271222,M. Mbaye,"CB, LB",DF,Academia Puerto Cabello,HYBRID_DEF,68,64,64,78,84,64,58,62,67,68,56,39,56,52,4,72.0,63.1578947368421,27,2,0,14.570620452673655
222582,Kim Young Bin,"CB, LB",DF,Jeonbuk Hyundai Motors,HYBRID_DEF,70,66,60,86,81,66,70,60,66,67,63,44,61,60,4,56.0,56.14035087719298,34,2,0,14.567654891126343
237181,Y. Severin,"CB, LB",DF,Servette FC,HYBRID_DEF,69,69,66,82,77,64,58,57,64,74,58,37,68,55,3,60.0,56.14035087719298,29,2,0,14.430641824761464
240773,R. Norrington-Davies,"LB, CB",DF,Queens Park Rangers,HYBRID_DEF,68,68,63,63,64,65,58,62,63,65,57,52,64,77,2,50.0,40.35087719298246,26,2,0,14.666001994765706
253586,G. Chávez,"CB, RB",DF,Alianza Lima,HYBRID_DEF,70,70,66,73,73,63,49,68,69,68,63,46,65,61,2,48.0,47.36842105263158,27,2,2,14.540759460277721
200122,M. Peersman,"LB, CB",DF,FC Groningen,HYBRID_DEF,67,69,68,81,76,61,60,61,69,76,56,46,60,69,3,58.0,36.8421052631579,35,2,0,14.570699950363723
253376,T. St. Jago,"CB, RB",DF,KV Mechelen,HYBRID_DEF,65,68,66,78,80,60,56,65,67,68,66,48,64,64,3,64.0,29.82456140350877,26,2,0,14.532434735351309
273603,M. Antoni,"CB, LB",DF,Argentinos Juniors,HYBRID_DEF,69,70,66,71,68,63,65,68,68,66,54,45,64,61,2,50.0,56.14035087719298,22,2,2,14.54356719195772
248003,A. Burcă,"CB, LB",DF,Yunnan Yukun,HYBRID_DEF,66,66,65,83,80,64,56,59,68,70,62,33,65,54,3,64.0,57.89473684210526,32,2,0,14.404283166084141
82893,M. Georgiev,"CB, RB",DF,AEK Athens,HYBRID_DEF,69,69,67,67,72,67,55,60,66,75,55,62,65,65,3,58.0,47.36842105263158,20,2,0,14.562652393030133
232653,R. Tapia,"CB, LB",DF,Atlético Grau,HYBRID_DEF,69,69,67,77,77,63,56,62,67,58,61,45,61,56,3,56.0,54.3859649122807,31,2,0,14.455494485417628
259542,M. Lazo,"CB, RB, LB",DF,FBC Melgar,HYBRID_DEF,72,74,70,60,67,61,57,62,68,66,56,27,64,72,2,64.0,35.08771929824562,22,3,0,28.89575481605586
237024,L. Itter,"CB, LB",DF,SpVgg Greuther Fürth,HYBRID_DEF,69,70,69,70,77,66,62,68,70,61,60,49,63,67,2,54.0,47.36842105263158,27,2,0,14.567048007766697
215011,M. Maidana,"CB, LB",DF,Deportivo Táchira,HYBRID_DEF,71,70,67,67,71,60,50,67,65,71,50,43,67,66,2,40.0,40.35087719298246,35,2,0,14.795768892319858
268781,Pedro Miguel,"RB, CB",DF,,HYBRID_DEF,63,65,68,77,77,61,63,64,65,74,62,59,59,57,3,48.0,50.87719298245614,35,2,0,14.542329580333634
241135,J. Collins,"LB, CB",DF,FC Erzgebirge Aue,HYBRID_DEF,64,67,65,70,75,65,56,65,66,69,65,49,64,74,3,54.0,45.6140350877193,31,2,0,14.420579515828498
74483,H. Ahanor,"LB, CB",DF,Atalanta,HYBRID_DEF,66,71,68,55,66,64,52,66,65,64,51,43,64,57,3,56.0,56.14035087719298,18,2,0,14.575324676935756
264437,A. Mbengue,"CB, RB",DF,Queens Park Rangers,HYBRID_DEF,65,66,69,75,83,58,62,55,67,85,67,47,64,69,2,48.0,49.12280701754386,24,2,0,14.64100539428949
246015,L. Mago,"CB, LB",DF,Caracas FC,HYBRID_DEF,70,70,68,76,77,64,65,48,63,66,52,41,59,54,2,54.0,68.42105263157895,31,2,0,14.651479810888773
262150,R. Giampaoli,"CB, RB",DF,Gimnasia y Esgrima La Plata,HYBRID_DEF,63,65,70,75,74,67,56,63,65,67,58,38,64,58,3,64.0,57.89473684210526,26,2,0,14.447109874716327
74502,O. Kouassi,"RB, CB",DF,Lecce,HYBRID_DEF,62,70,65,76,81,61,49,54,65,71,53,37,62,56,3,56.0,54.3859649122807,22,2,0,14.472922508644977
235532,M. Roseth,"CB, LB",DF,Viking FK,HYBRID_DEF,65,66,64,79,75,63,61,60,65,66,55,46,64,60,3,64.0,54.3859649122807,27,2,0,14.404512679142584
236304,Josema,"CB, LB",DF,Górnik Zabrze,HYBRID_DEF,65,66,66,73,74,65,60,66,64,70,64,48,65,58,3,52.0,59.64912280701754,29,2,0,14.462412567058111
277267,Juan Sebastián,"RB, CB, LB",DF,Real Zaragoza,HYBRID_DEF,60,66,68,73,74,65,60,64,67,63,60,67,61,50,3,62.0,56.14035087719298,24,3,0,28.799948678066055
270879,David Torres,"CB, LB",DF,Real Valladolid CF,HYBRID_DEF,67,70,66,70,66,72,62,64,69,62,59,50,60,71,2,52.0,50.87719298245614,23,2,0,14.608526197150638
243244,H. Türkmen,"CB, RB",DF,Antalyaspor,HYBRID_DEF,65,68,66,74,78,53,51,53,70,73,56,40,68,68,3,54.0,54.3859649122807,28,2,0,14.528866692218548
250926,M. Hoffmeier,"CB, LB",DF,SC Paderborn 07,HYBRID_DEF,68,67,63,72,79,66,63,65,66,67,65,62,67,70,3,52.0,54.3859649122807,26,2,0,14.445613864919958
268082,L. Noubi,"CB, RB",DF,RC Deportivo de La Coruña,HYBRID_DEF,63,67,67,79,81,63,59,64,65,68,57,51,64,63,3,56.0,59.64912280701754,21,2,0,14.487848804222688
230200,Edenildo Lagoas,"RB, CB",DF,Cruzeiro,HYBRID_DEF,74,63,57,69,75,66,65,68,65,68,58,50,63,66,3,48.0,49.12280701754386,26,2,0,14.556738557127572
72250,A. Koné,"CB, RB",DF,Stade de Reims,HYBRID_DEF,61,71,63,78,76,62,53,62,63,64,66,51,65,47,3,70.0,57.89473684210526,20,2,0,14.460265153683947
237885,C. Tovar,"CB, RB",DF,América de Cali,HYBRID_DEF,70,73,67,65,72,58,43,46,65,66,58,30,64,64,3,58.0,40.35087719298246,27,2,0,14.57781080999596
71243,A. Rangel,"CB, RB",DF,Barcelona de Guayaquil,HYBRID_DEF,67,68,65,71,72,65,54,60,68,62,49,27,60,51,2,72.0,71.9298245614035,23,2,1,14.540366057797147
230221,Kauã Zanson,"CB, RB",DF,Fluminense,HYBRID_DEF,70,70,72,63,69,43,30,56,69,73,72,56,71,70,3,46.0,43.85964912280702,30,2,0,15.006621460120819
251981,M. Huard,"CB, LB",DF,Red Star FC,HYBRID_DEF,68,66,63,74,75,66,62,65,66,71,58,48,61,77,3,42.0,49.12280701754386,27,2,0,14.50569835653039
234832,K. Pedersen,"CB, LB",DF,Fredericia,HYBRID_DEF,68,67,64,76,72,65,47,63,66,68,65,55,67,48,2,70.0,63.1578947368421,31,2,0,14.57814421054315
243284,F. Winther,"CB, LB",DF,Hammarby Fotboll,HYBRID_DEF,68,69,65,76,71,68,65,64,64,60,58,38,65,60,2,68.0,63.1578947368421,25,2,1,14.494869765362074
279896,A. Bajrami,"CB, LB",DF,FC Luzern,HYBRID_DEF,70,68,64,69,68,59,42,59,68,65,50,34,72,57,2,64.0,57.89473684210526,23,2,1,14.512660168557542
272490,L. Costa,"CB, RB",DF,Independiente Rivadavia,HYBRID_DEF,65,65,64,75,79,59,43,57,68,67,52,40,67,67,3,58.0,56.14035087719298,27,2,0,14.527898558883034
224115,Ricardinho,"RB, CB",DF,Asociația Clubul Sportiv Petrolul 52,HYBRID_DEF,68,63,63,71,68,63,60,59,67,69,62,56,67,72,3,48.0,52.63157894736842,31,2,0,14.500136465153718
232062,D. Sundgren,"RB, CB",DF,Degerfors IF,HYBRID_DEF,65,64,63,64,66,64,60,63,62,87,64,52,63,68,3,44.0,38.59649122807018,35,2,0,14.786822562427973
273560,M. Rocha,"CB, RB",DF,FC Arouca,HYBRID_DEF,68,68,67,78,72,64,57,58,63,68,60,58,62,62,2,54.0,49.12280701754386,25,2,1,14.521475628409517
266653,B. Pereira,"RB, CB",DF,NEC Nijmegen,HYBRID_DEF,56,67,70,59,66,59,59,63,58,69,60,51,62,81,2,32.0,22.80701754385965,22,2,0,15.101378335880836
251812,B. Kemper,"LB, CB",DF,NAC Breda,HYBRID_DEF,63,67,66,75,71,60,58,66,66,73,60,47,63,68,3,58.0,45.6140350877193,26,2,0,14.453663314472202
258747,Guillem Molina,"RB, CB, LB",DF,AVS Futebol SAD,HYBRID_DEF,69,65,63,59,67,60,61,62,70,64,59,37,67,63,3,54.0,42.10526315789474,25,3,0,28.80713383448023
241855,Genís,"CB, RB",DF,FC Thun,HYBRID_DEF,67,68,67,64,67,71,58,67,72,58,48,53,68,57,3,54.0,50.87719298245614,29,2,0,14.586894570338083
248265,R. Bheke,"CB, RB, LB",DF,Bengaluru FC,HYBRID_DEF,66,65,67,77,82,68,47,57,65,67,49,49,69,46,3,46.0,49.12280701754386,35,3,0,28.857606587182683
205015,J. Grimmer,"RB, CB",DF,Wycombe Wanderers,HYBRID_DEF,66,65,64,75,78,60,57,63,65,78,64,55,64,68,3,56.0,63.1578947368421,32,2,0,14.482680438452608
258523,J. MacKenzie,"LB, CB",DF,Plymouth Argyle,HYBRID_DEF,63,67,64,71,68,58,52,59,62,53,51,48,58,68,3,70.0,50.87719298245614,25,2,0,14.509067053279411
244192,T. Isherwood,"CB, LB",DF,AIK,HYBRID_DEF,64,66,63,87,72,56,57,50,64,84,52,53,55,44,3,78.0,70.17543859649123,28,2,0,14.600497906170052
224996,F. Belli,"CB, RB",DF,Calcio Padova,HYBRID_DEF,67,67,67,72,77,64,48,63,67,70,59,40,64,73,3,46.0,40.35087719298246,31,2,0,14.516332864099727
262889,A. García MacNulty,"CB, LB",DF,PEC Zwolle,HYBRID_DEF,64,65,72,79,77,61,60,61,64,75,54,49,62,62,3,62.0,54.3859649122807,23,2,0,14.492352885499326
72711,C. Valerius,"RB, CB",DF,NAC Breda,HYBRID_DEF,59,65,64,72,85,63,55,64,65,66,59,50,63,55,3,72.0,54.3859649122807,20,2,0,14.545171291255384
262664,C. Kammerknecht,"CB, RB",DF,Dynamo Dresden,HYBRID_DEF,66,66,65,79,76,65,62,60,65,60,49,50,65,57,3,58.0,50.87719298245614,26,2,0,14.429954858469916
253969,L. Hjelde,"LB, CB",DF,Sunderland,HYBRID_DEF,66,66,64,74,73,61,57,63,65,62,59,46,63,43,3,64.0,49.12280701754386,22,2,0,14.437339946963418
70168,M. Valenti,"LB, CB",DF,Independiente Rivadavia,HYBRID_DEF,73,71,70,72,66,52,31,59,67,71,64,26,61,70,3,56.0,66.66666666666667,23,2,0,14.756816581077537
262940,A. Konstantopoulos,"CB, RB",DF,Raków Częstochowa,HYBRID_DEF,65,67,65,72,69,65,61,66,65,63,59,41,61,52,2,64.0,57.89473684210526,23,2,1,14.470755551486103
251456,S. Voet,"CB, LB",DF,TSV 1860 München,HYBRID_DEF,66,67,66,77,74,61,58,57,67,62,58,39,63,49,3,70.0,66.66666666666667,26,2,0,14.427561126817498
254289,T. Căpușă,"CB, RB",DF,FC Hermannstadt,HYBRID_DEF,66,67,66,71,74,65,53,62,67,66,54,54,67,61,3,54.0,49.12280701754386,27,2,0,14.440575514917644
267872,N. Allen,"CB, LB",DF,Inter Miami,HYBRID_DEF,64,68,66,67,77,63,58,63,64,61,55,47,61,71,2,38.0,33.333333333333336,21,2,0,14.676759718879612
278630,Álvaro Carrillo,"CB, RB",DF,SD Huesca,HYBRID_DEF,66,66,65,71,72,63,57,60,66,69,64,30,65,70,3,52.0,43.85964912280702,23,2,0,14.448472414229037
279928,Thalisson Kelven,"CB, RB",DF,Gençlerbirliği SK,HYBRID_DEF,70,67,61,76,77,60,54,51,64,58,48,34,64,58,3,56.0,56.14035087719298,27,2,0,14.461226260586493
222328,J. Bager,"CB, RB",DF,IFK Göteborg,HYBRID_DEF,65,65,64,76,77,59,54,63,65,70,62,41,63,66,3,52.0,56.14035087719298,29,2,0,14.448545621171043
228225,W. Harding,"CB, RB",DF,Millwall FC,HYBRID_DEF,64,65,64,80,77,60,53,61,64,65,53,40,65,56,4,50.0,56.14035087719298,29,2,0,14.568236282291465
270732,Espigares,"CB, RB",DF,Gil Vicente FC,HYBRID_DEF,66,68,68,62,69,65,60,54,66,69,55,50,63,59,3,62.0,61.40350877192982,21,2,0,14.499964993300313
208024,M. Wallace,"CB, LB",DF,Huddersfield Town,HYBRID_DEF,66,66,66,78,71,62,56,59,64,67,59,42,64,53,2,64.0,49.12280701754386,33,2,1,14.49671281769383
216230,M. Amevor,"CB, RB",DF,FC Volendam,HYBRID_DEF,64,69,66,79,76,64,67,61,62,67,50,58,58,50,3,70.0,63.1578947368421,34,2,0,14.537000033224224
72877,A. Hüseynov,"RB, CB, LB",DF,Qarabağ FK,HYBRID_DEF,63,61,58,68,74,64,62,65,64,54,59,57,61,67,3,46.0,50.87719298245614,30,3,0,28.848541285981625
261822,C. Medina,"CB, LB",DF,Universidad Católica del Ecuador,HYBRID_DEF,69,70,68,71,73,52,42,62,61,62,56,56,56,46,3,68.0,61.40350877192982,24,2,0,14.584245394177033
209602,T. Cancellotti,"RB, CB",DF,Avellino,HYBRID_DEF,62,65,65,73,71,62,61,66,59,61,66,58,70,60,3,58.0,49.12280701754386,33,2,0,14.507889570958934
197831,J. Davidson,"CB, LB",DF,Melbourne Victory,HYBRID_DEF,61,71,69,67,71,64,58,65,60,68,62,59,62,69,2,48.0,43.85964912280702,34,2,0,14.696131553898132
245704,Martí Vilà,"LB, CB",DF,FC Andorra,HYBRID_DEF,59,64,63,61,68,64,62,63,60,58,56,46,63,58,2,20.0,26.31578947368421,26,2,0,15.107200493685333
76746,H. Petrov,"CB, LB",DF,SC Heerenveen,HYBRID_DEF,71,68,65,61,69,52,37,47,72,69,51,33,61,59,3,58.0,49.12280701754386,23,2,0,14.565846110646483
74699,J. Thekri,"CB, RB",DF,Al Qadsiah FC,HYBRID_DEF,62,66,63,82,79,61,57,55,60,66,50,34,62,55,3,56.0,52.63157894736842,24,2,0,14.452856372286135
226510,D. Grétarsson,"CB, LB",DF,Sønderjyske Fodbold,HYBRID_DEF,66,67,65,72,71,63,61,60,67,65,62,50,65,63,3,58.0,50.87719298245614,30,2,0,14.417761081127942
230865,A. Luciatti,"CB, LB",DF,Cerro Porteño,HYBRID_DEF,67,68,67,67,71,60,45,55,64,70,68,22,63,66,2,48.0,56.14035087719298,33,2,2,14.667568907096047
263131,M. Martins,"CB, LB, RB",DF,FC Winterthur,HYBRID_DEF,65,68,65,75,74,66,61,56,64,64,57,54,60,58,2,60.0,73.6842105263158,31,3,0,28.843544410455763
272860,P. Souto,"LB, CB",DF,Independiente Rivadavia,HYBRID_DEF,65,69,67,64,64,57,47,65,59,58,55,49,62,73,3,44.0,50.87719298245614,25,2,0,14.630832198739677
231650,J. Bamert,"CB, RB",DF,FC Thun,HYBRID_DEF,70,65,64,73,71,65,61,62,65,60,54,42,61,67,3,54.0,50.87719298245614,28,2,0,14.476076448177668
275952,R. Yakuba,"CB, LB",DF,Zagłębie Lubin,HYBRID_DEF,65,66,65,84,76,55,40,65,64,68,52,33,54,44,2,70.0,63.1578947368421,24,2,0,14.59784246891237
192241,R. Grant,"RB, CB",DF,Sydney FC,HYBRID_DEF,62,69,61,81,81,63,57,60,62,75,60,61,63,72,3,40.0,47.36842105263158,35,2,0,14.655066679709176
276220,K. Szűcs,"CB, RB",DF,Plymouth Argyle,HYBRID_DEF,66,65,66,76,72,62,54,55,66,65,59,38,63,51,3,68.0,61.40350877192982,24,2,0,14.425166292889648
227837,H. Rönnlöf Castegren,"RB, CB",DF,IK Sirius,HYBRID_DEF,63,69,66,79,72,62,56,62,64,66,53,48,66,44,3,58.0,40.35087719298246,29,2,0,14.509176679369652
274694,Cho Sung Gwon,"CB, RB",DF,Daejeon Citizen,HYBRID_DEF,61,64,61,83,80,59,50,62,61,66,50,36,59,61,3,56.0,54.3859649122807,25,2,0,14.466969668877335
73238,J. Mitchell,"CB, RB",DF,SK Sturm Graz,HYBRID_DEF,60,66,69,81,86,46,41,35,62,79,50,30,50,50,2,62.0,61.40350877192982,21,2,3,14.846301568139094
270874,P. Pizarro,"CB, RB",DF,Huracán,HYBRID_DEF,63,68,66,76,76,60,55,50,62,54,60,37,63,68,3,54.0,52.63157894736842,25,2,0,14.449424950696343
270363,M. de Gevigney,"CB, RB",DF,Barnsley,HYBRID_DEF,65,67,65,71,72,66,57,57,66,60,62,40,65,55,2,60.0,52.63157894736842,26,2,2,14.447178643883682
276001,L. Libutti,"LB, CB",DF,Reggiana,HYBRID_DEF,64,65,65,55,63,59,57,60,66,61,54,45,61,67,2,48.0,45.6140350877193,28,2,2,14.636533338797207
235815,S. Sidler,"RB, LB, CB",DF,FC Winterthur,HYBRID_DEF,64,63,61,62,66,64,62,58,61,60,59,60,60,62,4,58.0,52.63157894736842,27,3,0,28.855571394530592
255798,J. Sagredo,"CB, RB",DF,Bolívar,HYBRID_DEF,66,72,69,67,69,63,55,56,66,51,61,25,59,75,3,38.0,40.35087719298246,32,2,0,14.788722928462818
276023,G. Kondo,"LB, CB",DF,USL Dunkerque,HYBRID_DEF,60,63,57,66,66,68,64,67,67,54,65,48,60,68,3,48.0,40.35087719298246,23,2,0,14.702179669092416
258874,I. Fofana,"CB, RB",DF,Hammarby Fotboll,HYBRID_DEF,64,66,64,67,71,65,61,66,63,63,48,52,61,59,3,52.0,40.35087719298246,23,2,0,14.508034703392816
77631,T. Barišić,"RB, CB",DF,Olympique Lyonnais,HYBRID_DEF,61,65,64,68,68,63,59,63,63,62,64,54,63,58,3,58.0,49.12280701754386,21,2,0,14.454514564931516
230214,Luis Paezinho,"CB, LB",DF,Bahia,HYBRID_DEF,72,66,65,69,69,53,45,61,64,65,58,38,61,62,3,52.0,49.12280701754386,30,2,0,14.54872355488832
264785,T. Zoukrou,"CB, RB",DF,BSC Young Boys,HYBRID_DEF,65,66,66,75,69,51,47,48,64,70,46,34,63,49,3,66.0,54.3859649122807,22,2,0,14.496944465100427
229713,J. Bizama,"RB, CB",DF,CD Palestino,HYBRID_DEF,62,63,62,72,77,64,64,64,58,71,52,50,55,64,3,44.0,49.12280701754386,31,2,0,14.610915826062875
272980,O. Aertssen,"RB, CB",DF,PEC Zwolle,HYBRID_DEF,66,66,64,74,74,65,64,63,65,53,47,51,57,53,4,54.0,49.12280701754386,21,2,0,14.604062589109175
276052,H. Blank,"CB, LB",DF,Hannover 96,HYBRID_DEF,62,66,65,75,74,56,48,54,67,59,58,28,60,60,3,66.0,70.17543859649123,21,2,0,14.455161301993506
260692,Iker Recio,"CB, LB",DF,Cádiz CF,HYBRID_DEF,62,66,68,73,74,63,61,63,65,60,52,51,62,60,3,58.0,57.89473684210526,25,2,0,14.41101049016558
76640,A. Kryger,"RB, CB",DF,Kristiansund BK,HYBRID_DEF,65,64,62,68,66,66,64,63,62,63,48,57,64,56,3,56.0,54.3859649122807,28,2,0,14.501170595541915
243045,A. Al Khatib,"CB, LB",DF,Al Ettifaq,HYBRID_DEF,63,68,63,77,79,64,55,63,63,56,54,32,63,66,3,60.0,43.85964912280702,31,2,0,14.535584235381162
74604,O. Naasei,"CB, RB",DF,Granada CF,HYBRID_DEF,63,67,65,70,74,65,60,65,63,65,63,44,60,64,2,54.0,43.85964912280702,21,2,2,14.513922173150414
228464,Kim Jin Hyuk,"CB, RB, ST, RM",DF,Daegu FC,HYBRID_DEF,64,64,60,81,77,63,54,62,63,65,64,56,63,55,3,62.0,54.3859649122807,32,4,0,43.135336787735476
76923,L. Erlein,"RB, CB",DF,TSG 1899 Hoffenheim,HYBRID_DEF,64,66,64,69,69,59,48,60,61,56,52,35,63,45,4,68.0,50.87719298245614,18,2,0,14.536318021491079
262268,Guilherme Soares,"CB, RB",DF,Asociația Clubul Sportiv Petrolul 52,HYBRID_DEF,66,67,65,74,71,60,54,56,64,64,54,30,63,59,2,60.0,57.89473684210526,25,2,1,14.39948639341845
222592,Kim Dong Jin,"LB, CB",DF,FC Anyang,HYBRID_DEF,58,67,64,75,71,55,35,59,62,55,69,34,59,70,3,42.0,47.36842105263158,33,2,0,14.779860271136357
279170,D. Zabala,"CB, RB",DF,Huracán,HYBRID_DEF,65,66,66,66,71,64,61,65,65,65,64,59,63,62,3,50.0,54.3859649122807,23,2,0,14.450974331151889
77703,Roger Hinojo,"LB, CB",DF,Cultural Leonesa,HYBRID_DEF,61,63,64,57,65,62,55,62,63,59,55,54,60,67,3,48.0,45.6140350877193,21,2,5,14.598998047901286
259730,M. Singh,"CB, RB, LB",DF,Mohun Bagan Super Giant,HYBRID_DEF,65,66,67,78,79,66,46,42,60,60,50,44,60,56,3,48.0,45.6140350877193,27,3,0,28.87706583892081
79000,L. Sadriu,"CB, LB",DF,FC Argeș,HYBRID_DEF,64,65,62,72,71,60,59,57,63,76,57,48,61,55,2,60.0,57.89473684210526,24,2,1,14.465796891039739
256162,A. Villalba,"CB, RB",DF,Sportivo Luqueño,HYBRID_DEF,65,67,65,61,69,61,64,63,64,65,63,54,62,61,3,54.0,71.9298245614035,27,2,0,14.51714861054674
215211,B. Cargill,"CB, LB",DF,Mansfield Town,HYBRID_DEF,62,62,61,82,79,60,60,56,61,78,59,52,60,59,2,66.0,70.17543859649123,30,2,1,14.604123798724313
214701,T. Asta-Buruaga,"CB, RB",DF,Universidad Católica,HYBRID_DEF,65,64,62,73,72,60,43,54,64,66,50,37,61,43,2,60.0,56.14035087719298,29,2,1,14.479936176296421
206522,Satrústegui,"CB, LB",DF,Cultural Leonesa,HYBRID_DEF,64,62,64,74,74,63,47,60,65,77,47,48,57,56,3,62.0,52.63157894736842,35,2,0,14.564764166543764
271549,M. Faryna,"CB, LB, RB",DF,Shakhtar Donetsk,HYBRID_DEF,62,65,62,66,73,61,63,61,71,57,52,36,60,62,3,48.0,59.64912280701754,22,3,0,28.831468901849817
278724,E. Helland,"CB, RB",DF,SK Brann,HYBRID_DEF,63,65,65,70,72,61,56,62,64,63,52,30,61,58,2,80.0,61.40350877192982,20,2,1,14.49933938735901
273614,C. Niyukuri,"RB, CB, LB",DF,FK Haugesund,HYBRID_DEF,63,64,59,84,85,58,56,59,59,63,56,48,59,74,3,52.0,64.91228070175438,26,3,0,28.842460600582996
271572,A. Fontanarosa,"CB, LB",DF,Avellino,HYBRID_DEF,61,70,66,62,77,63,56,59,64,67,70,56,59,64,3,58.0,42.10526315789474,23,2,0,14.601076225552168
80598,J. Martinez,"CB, LB",DF,Alverca,HYBRID_DEF,65,70,66,55,64,59,46,68,66,60,45,28,67,59,2,58.0,43.85964912280702,22,2,0,14.660481225936364
220886,B. Tuiloma,"CB, RB",DF,Wellington Phoenix,HYBRID_DEF,62,62,60,76,74,67,67,60,65,64,63,60,59,63,4,44.0,56.14035087719298,30,2,0,14.57183928493969
276956,Sergio Arribas,"CB, LB",DF,SD Huesca,HYBRID_DEF,64,66,61,64,73,65,60,61,68,62,54,53,61,56,3,58.0,54.3859649122807,23,2,0,14.474445272274355
257508,S. Roughan,"LB, CB",DF,Huddersfield Town,HYBRID_DEF,64,62,62,74,82,61,59,60,63,62,61,51,62,59,3,54.0,45.6140350877193,22,2,0,14.523236262289462
73452,Murillo,"CB, RB",DF,Málaga CF,HYBRID_DEF,66,67,65,70,70,54,52,55,65,68,49,44,61,60,3,52.0,54.3859649122807,24,2,0,14.483808407564927
275180,T. Servín,"CB, LB",DF,Guaraní,HYBRID_DEF,63,64,62,76,76,63,60,60,65,60,63,28,61,69,3,42.0,47.36842105263158,22,2,0,14.555682380825617
211438,M. Bürki,"CB, LB",DF,FC Thun,HYBRID_DEF,65,66,65,78,76,58,60,58,63,67,59,51,58,35,3,56.0,57.89473684210526,32,2,0,14.550637564460898
208111,S. Sandberg,"CB, RB",DF,IK Sirius,HYBRID_DEF,64,65,63,73,72,67,62,59,62,63,60,56,63,62,3,60.0,52.63157894736842,31,2,0,14.42153773839795
263923,D. Gutiérrez,"CB, LB",DF,Colo-Colo,HYBRID_DEF,63,64,63,72,73,62,58,58,63,66,61,26,62,65,2,48.0,49.12280701754386,23,2,2,14.449296568880687
236787,D. Franke,"LB, CB",DF,FC Thun,HYBRID_DEF,59,63,64,71,68,59,45,63,60,59,53,49,60,64,3,54.0,57.89473684210526,27,2,0,14.535693411791252
230403,Peixotacinho,"CB, RB",DF,Grêmio,HYBRID_DEF,73,72,58,81,62,60,44,35,64,68,58,26,53,48,3,62.0,63.1578947368421,30,2,0,14.792256313729215
209675,J. Donacien,"CB, RB",DF,Chesterfield,HYBRID_DEF,63,63,62,77,79,58,46,60,61,69,62,45,60,61,3,54.0,49.12280701754386,32,2,0,14.516807974251567
203292,O. Turton,"CB, RB",DF,Salford City,HYBRID_DEF,64,63,60,70,76,63,56,62,62,65,61,50,64,70,3,48.0,49.12280701754386,33,2,0,14.512902580858732
264489,Trilli,"RB, CB",DF,Real Valladolid CF,HYBRID_DEF,62,63,61,59,63,59,48,61,63,48,50,32,65,61,3,60.0,49.12280701754386,22,2,5,14.503449431491807
256555,J. Dorsett,"LB, CB",DF,Reading FC,HYBRID_DEF,61,61,64,81,77,55,55,59,62,65,60,46,61,61,2,58.0,64.91228070175438,23,2,1,14.533991886763268
80688,M. Goffi,"CB, RB",DF,Lille OSC,HYBRID_DEF,61,67,64,67,68,59,53,61,64,65,58,46,60,62,3,48.0,43.85964912280702,18,2,0,14.491382397066193
76125,C. Donovan,"RB, CB",DF,Celtic,HYBRID_DEF,58,63,64,67,74,60,58,58,55,71,59,50,57,64,3,48.0,50.87719298245614,19,2,0,14.53431420250401
253538,L. Demiquel,"RB, CB",DF,Nacional Potosí,HYBRID_DEF,64,62,64,70,66,63,55,56,60,71,54,50,58,75,3,58.0,63.1578947368421,26,2,0,14.55723085355591
70253,A. Ünyay,"CB, RB",DF,Galatasaray SK,HYBRID_DEF,61,62,64,78,77,61,63,62,63,64,45,42,61,53,3,62.0,61.40350877192982,19,2,0,14.49356350471488
258926,J. Hubner,"CB, LB",DF,Fortuna Sittard,HYBRID_DEF,61,64,61,68,68,59,63,58,62,78,55,48,57,59,3,64.0,43.85964912280702,22,2,0,14.575595791728789
243316,Quique Fornos,"CB, RB",DF,Cultural Leonesa,HYBRID_DEF,63,67,64,67,68,60,55,60,62,63,44,45,59,65,3,50.0,38.59649122807018,29,2,0,14.524108655246232
201081,B. Kopacz,"CB, RB",DF,Bruk-Bet Termalica Nieciecza,HYBRID_DEF,64,65,59,75,71,57,50,53,63,64,61,42,64,64,3,64.0,66.66666666666667,33,2,0,14.452156752005198
266117,Javi Moreno,"CB, RB",DF,Albacete Balompié,HYBRID_DEF,62,64,65,71,76,59,52,59,63,68,62,39,60,57,3,52.0,54.3859649122807,25,2,0,14.465503486738461
213127,A. McGowan,"RB, CB",DF,Tranmere Rovers,HYBRID_DEF,61,61,61,79,86,60,55,60,60,80,64,57,64,75,4,48.0,54.3859649122807,29,2,0,14.736446149851124
244126,A. Odimayo,"RB, CB",DF,Crawley Town,HYBRID_DEF,61,63,61,78,87,57,51,57,59,68,65,45,65,68,4,58.0,56.14035087719298,26,2,0,14.624640559319593
279209,B. Owusu,"CB, RB",DF,Grazer AK 1902,HYBRID_DEF,65,65,62,67,67,57,50,57,64,65,56,49,61,47,2,48.0,40.35087719298246,22,2,2,14.564753481393112
277421,Marco Esteban,"CB, RB",DF,Real Oviedo,HYBRID_DEF,63,64,63,66,69,64,61,60,63,65,62,58,60,59,3,54.0,49.12280701754386,20,2,0,14.461828648080399
77230,J. Ramallo,"RB, CB",DF,Gualberto Villarroel SJ,HYBRID_DEF,57,62,66,68,75,56,38,54,60,51,49,38,55,60,2,58.0,38.59649122807018,22,2,0,14.63058512528752
256952,S. Rooney,"RB, CB",DF,Fleetwood Town,HYBRID_DEF,56,61,59,80,78,59,55,61,58,85,53,57,59,51,3,70.0,57.89473684210526,29,2,0,14.656374453781423
159930,L. Carteldo,"RB, CB",DF,Unión Española,HYBRID_DEF,55,57,57,61,74,66,65,68,58,68,58,50,58,57,3,48.0,49.12280701754386,30,2,0,14.751267300399595
71611,A. Soumahoro,"CB, LB",DF,Hamburger SV,HYBRID_DEF,57,68,63,71,69,62,56,62,58,65,62,49,58,60,2,56.0,42.10526315789474,21,2,2,14.578328399867722
277180,B. Lagae,"CB, LB",DF,KAA Gent,HYBRID_DEF,65,66,67,68,68,59,58,61,64,62,46,37,52,61,3,54.0,40.35087719298246,22,2,0,14.488369298982748
224447,G. Jones,"CB, RB",DF,Milton Keynes Dons,HYBRID_DEF,62,64,61,69,82,59,55,57,63,74,56,55,62,61,3,44.0,47.36842105263158,30,2,0,14.545367457358518
256730,D. Thiam,"RB, CB",DF,US Boulogne Cote d'Opale,HYBRID_DEF,63,63,59,64,68,53,41,56,61,62,64,51,65,70,2,46.0,31.57894736842105,36,2,2,14.854905385858034
279008,L. De Fougerolles,"CB, RB, LB",DF,FCV Dender EH,HYBRID_DEF,64,70,62,66,69,57,54,46,66,52,51,37,67,64,4,44.0,43.85964912280702,20,3,0,28.85970844277233
200425,M. te Wierik,"CB, RB",DF,Heracles Almelo,HYBRID_DEF,66,62,61,74,67,61,64,62,64,67,67,59,60,64,3,70.0,45.6140350877193,33,2,0,14.508280507612616
231916,F. Prce,"CB, LB",DF,Asociația Clubul Sportiv Petrolul 52,HYBRID_DEF,64,64,60,76,73,61,59,57,62,64,59,40,58,51,3,64.0,59.64912280701754,30,2,0,14.444810375257545
192765,P. Camacho,"CB, RB",DF,Deportivo Táchira,HYBRID_DEF,64,69,65,70,71,63,58,54,60,59,65,42,58,59,2,42.0,59.64912280701754,35,2,0,14.63526993937335
256528,A. Sienra,"CB, LB",DF,CD Castellón,HYBRID_DEF,63,65,63,65,71,61,57,61,59,63,55,55,53,69,3,58.0,43.85964912280702,26,2,0,14.533218607604264
72722,J. Schöller,"CB, RB",DF,SK Rapid,HYBRID_DEF,61,63,61,75,84,62,64,52,62,57,56,54,57,58,2,68.0,57.89473684210526,20,2,3,14.583205461510284
78356,J. Quiñones,"CB, LB, RB",DF,Mushuc Runa,HYBRID_DEF,62,62,60,74,72,60,45,61,62,63,60,30,60,66,3,62.0,78.94736842105263,23,3,0,28.830690896052843
233512,A. Toșca,"CB, LB",DF,Universitatea Cluj,HYBRID_DEF,62,63,57,73,74,60,59,56,62,71,58,55,59,61,3,50.0,68.42105263157895,33,2,0,14.506883470312442
79916,C. Kosidis,"RB, CB",DF,AEK Athens,HYBRID_DEF,63,61,62,70,70,61,50,50,64,66,59,69,58,58,2,52.0,61.40350877192982,21,2,2,14.59675467859368
266031,Rubén Iranzo,"CB, RB",DF,Valencia CF,HYBRID_DEF,63,62,64,64,65,63,59,57,63,66,55,50,58,65,3,52.0,38.59649122807018,22,2,0,14.51784832185595
74543,I. Garguez,"RB, CB",DF,CD Palestino,HYBRID_DEF,62,63,62,62,63,64,59,52,60,52,55,33,51,70,2,50.0,45.6140350877193,21,2,5,14.617534498662488
75057,N. El Hannach,"CB, RB",DF,Montpellier HSC,HYBRID_DEF,66,68,63,68,68,64,55,59,58,56,44,38,49,62,3,54.0,33.333333333333336,19,2,5,14.601497605454083
73016,F. Mane,"CB, RB",DF,Borussia Dortmund,HYBRID_DEF,60,63,61,69,70,61,49,58,63,59,52,39,63,64,3,64.0,52.63157894736842,21,2,0,14.435590089735204
270400,M. Glück,"CB, RB",DF,VfB Stuttgart II,HYBRID_DEF,63,64,63,73,71,59,44,61,62,57,58,30,59,51,3,66.0,64.91228070175438,22,2,0,14.473073976736577
235329,J. Gibbons,"RB, LB, CB",DF,Cambridge United,HYBRID_DEF,59,60,58,58,70,57,56,58,57,77,57,53,59,81,4,38.0,47.36842105263158,27,3,0,29.010478691943824
239686,A. Barylla,"CB, RB, LB",DF,FC Erzgebirge Aue,HYBRID_DEF,61,64,61,77,77,61,59,60,61,60,58,50,62,61,4,48.0,64.91228070175438,28,3,0,28.83337584269297
263247,D. Retamal,"CB, RB",DF,Universidad de Chile,HYBRID_DEF,64,64,60,72,72,57,48,46,63,58,47,26,63,70,3,56.0,52.63157894736842,22,2,0,14.485835376215025
81491,Ale Gomes,"CB, RB, LB",DF,Real Zaragoza,HYBRID_DEF,62,62,58,67,69,64,59,61,63,61,59,57,61,67,4,56.0,49.12280701754386,18,3,0,28.850288535605614
259159,J. Che,"RB, CB",DF,Brøndby IF,HYBRID_DEF,59,60,58,65,70,60,54,60,61,61,56,51,61,65,2,58.0,56.14035087719298,22,2,2,14.520369411554386
259954,R. Rojas,"CB, RB",DF,Atlético Grau,HYBRID_DEF,70,63,62,60,62,61,43,55,67,67,60,34,62,77,2,40.0,28.07017543859649,26,2,2,14.817091077722194
77951,S. Kabini,"LB, CB",DF,Molde FK,HYBRID_DEF,57,60,59,60,69,58,54,63,59,58,54,52,58,65,3,50.0,43.85964912280702,21,2,5,14.49897482050376
236677,I. Tapia,"CB, RB, LB",DF,Universidad de Chile,HYBRID_DEF,56,63,63,75,72,54,36,48,62,66,48,35,62,50,4,64.0,43.85964912280702,27,3,0,28.84514500547953
266147,J. Tomkinson,"CB, LB",DF,Cheltenham Town,HYBRID_DEF,62,59,57,79,75,57,57,59,62,67,53,54,60,45,3,72.0,57.89473684210526,23,2,0,14.474979703685898
211635,Chung Woon,"CB, LB",DF,Jeju United FC,HYBRID_DEF,62,62,58,74,77,61,60,58,59,63,63,65,61,67,3,48.0,50.87719298245614,36,2,0,14.563655697058115
277431,R. Lipinski,"CB, LB",DF,Rodez Aveyron Football,HYBRID_DEF,64,67,63,67,66,63,58,57,68,48,66,45,61,67,2,50.0,42.10526315789474,23,2,2,14.661255432618963
264380,M. Sponsel,"RB, CB",DF,Viktoria Köln,HYBRID_DEF,59,64,61,77,75,56,48,54,57,63,49,52,59,54,3,66.0,59.64912280701754,24,2,0,14.488513208096101
78524,L. Zeller,"CB, RB",DF,1. FC Schweinfurt 05,HYBRID_DEF,64,66,63,82,66,50,29,61,63,59,48,34,62,32,4,76.0,66.66666666666667,25,2,4,14.658238735856994
75709,B. Oviedo,"CB, RB",DF,CA Banfield,HYBRID_DEF,66,64,64,50,60,62,54,66,66,65,50,35,63,74,2,54.0,36.8421052631579,21,2,2,14.830017910213188
81346,D. Fonville,"LB, CB",DF,NEC Nijmegen,HYBRID_DEF,61,65,63,54,64,53,40,57,62,56,58,35,60,72,3,44.0,38.59649122807018,22,2,0,14.781569165118956
159944,P. Rescondi,"CB, RB",DF,Cerro Largo,HYBRID_DEF,60,50,57,82,77,66,62,55,66,59,58,51,71,42,3,62.0,52.63157894736842,30,2,0,14.806383379992004
76234,A. Yousef,"RB, CB",DF,,HYBRID_DEF,64,63,61,57,64,58,52,58,64,60,48,47,63,60,2,50.0,47.36842105263158,23,2,2,14.587671934025913
80076,F. Reale,"CB, LB",DF,Avellino,HYBRID_DEF,63,66,65,65,67,63,42,56,63,63,50,36,60,59,2,58.0,49.12280701754386,20,2,2,14.485619344988375
268498,L. Willen,"CB, LB",DF,SV Zulte Waregem,HYBRID_DEF,60,65,63,72,71,70,57,57,57,62,50,36,55,56,2,66.0,50.87719298245614,22,2,2,14.518850409180965
82908,A. Kadlec,"RB, CB",DF,Viktoria Plzeň,HYBRID_DEF,58,60,58,78,73,58,50,58,57,49,48,52,60,50,2,80.0,70.17543859649123,22,2,4,14.629365407474635
70878,A. Kalandadze,"CB, LB",DF,Wisła Płock,HYBRID_DEF,62,61,61,71,71,61,62,59,59,74,61,36,59,55,3,58.0,57.89473684210526,24,2,0,14.489227901725128
205278,Rim Chang Woo,"RB, CB",DF,Jeju United FC,HYBRID_DEF,60,59,57,77,79,57,53,57,58,60,50,46,58,62,3,56.0,56.14035087719298,34,2,0,14.544645235767135
272876,D. Kamenović,"LB, CB",DF,Lazio,HYBRID_DEF,61,66,66,83,70,64,60,59,61,71,54,44,56,56,3,66.0,71.9298245614035,25,2,0,14.466982311347088
71407,N. Gomis,"CB, LB",DF,Toronto FC,HYBRID_DEF,63,67,65,77,67,52,44,56,62,56,46,38,60,56,3,58.0,56.14035087719298,23,2,0,14.487179250009309
246005,J. King,"LB, CB, RB",DF,Sydney FC,HYBRID_DEF,56,59,56,74,71,63,56,56,55,53,54,40,58,69,3,46.0,54.3859649122807,25,3,0,28.842670489834003
74755,D. Gomis,"CB, LB",DF,Cercle Brugge KSV,HYBRID_DEF,63,67,65,62,65,64,52,64,62,55,45,39,53,58,2,70.0,57.89473684210526,21,2,0,14.60467519316859
77338,E. Fikaj,"CB, LB",DF,Panathinaikos FC,HYBRID_DEF,59,61,62,72,72,55,50,44,65,60,44,48,60,54,2,64.0,61.40350877192982,20,2,3,14.529831579117126
79655,Albert Caparrós,"CB, RB",DF,AD Ceuta FC,HYBRID_DEF,65,69,68,48,56,58,55,58,62,59,54,33,58,60,2,56.0,40.35087719298246,27,2,0,14.77565727661705
256296,P. Krätschmer,"CB, LB",DF,1. FC Schweinfurt 05,HYBRID_DEF,60,62,63,76,72,61,60,60,56,60,52,55,57,64,3,62.0,61.40350877192982,28,2,0,14.501618016568745
80684,J. Valou,"CB, LB",DF,Villarreal CF,HYBRID_DEF,62,63,58,73,73,53,49,55,64,51,45,39,60,66,3,64.0,85.96491228070175,20,2,0,14.663157730693866
80183,S. Bonetti,"LB, CB",DF,Reggiana,HYBRID_DEF,65,60,62,47,54,61,50,56,62,65,42,39,59,75,2,66.0,63.1578947368421,21,2,5,14.856407975462094
70214,Y. Murillo,"CB, RB",DF,Deportivo Riestra,HYBRID_DEF,59,68,67,88,75,41,28,31,60,61,52,30,47,38,2,74.0,71.9298245614035,32,2,0,15.094272320924318
259655,P. Čančar,"CB, RB",DF,Western Sydney Wanderers,HYBRID_DEF,59,60,60,82,76,59,56,48,57,70,57,46,59,64,3,60.0,49.12280701754386,24,2,0,14.504801409019445
228188,P. Kotal,"CB, RB",DF,Chennaiyin FC,HYBRID_DEF,57,66,64,73,68,52,48,50,61,77,57,43,47,61,3,42.0,49.12280701754386,32,2,0,14.778366461061497
75112,C. Piper,"RB, ST, CB, CDM",DF,Wellington Phoenix,HYBRID_DEF,55,56,57,86,81,55,52,47,54,86,46,49,55,65,2,50.0,47.36842105263158,23,4,2,43.29543890827496
78699,R. Palmeș,"RB, CB",DF,Csíkszereda Miercurea Ciuc,HYBRID_DEF,61,62,61,66,69,63,64,56,60,47,60,42,55,60,2,52.0,54.3859649122807,29,2,2,14.67683155749102
262768,M. Schleef,"CB, RB",DF,TSV Havelse,HYBRID_DEF,63,63,61,65,70,54,37,55,64,60,50,33,58,60,2,58.0,49.12280701754386,27,2,2,14.554851519094557
237696,T. Warren,"CB, RB",DF,Grimsby Town,HYBRID_DEF,60,61,60,70,80,53,49,55,59,74,48,44,61,66,3,54.0,49.12280701754386,27,2,0,14.559672355308878
80284,O. Safronov,"CB, RB",DF,Unirea Slobozia,HYBRID_DEF,63,61,64,65,66,55,47,54,61,64,44,28,60,54,2,60.0,54.3859649122807,26,2,2,14.484331618524452
269747,J. Dirksen,"LB, CB",DF,Go Ahead Eagles,HYBRID_DEF,61,65,64,61,67,61,60,60,60,52,47,30,56,58,3,58.0,49.12280701754386,23,2,5,14.492828527668665
252596,A. Senior,"CB, RB",DF,Barnet,HYBRID_DEF,56,62,60,73,76,55,53,57,60,70,56,46,59,69,2,54.0,40.35087719298246,24,2,2,14.531596683233738
271566,J. Rooney,"CB, RB",DF,Derby County,HYBRID_DEF,60,63,62,72,71,62,60,63,57,54,68,47,54,63,3,64.0,54.3859649122807,22,2,0,14.532125387427532
274897,H. Linares,"LB, CB",DF,Academia Puerto Cabello,HYBRID_DEF,62,64,58,54,66,58,40,62,64,62,42,37,43,80,3,36.0,38.59649122807018,25,2,5,14.937383891152832
270044,L. Mazagg,"CB, LB",DF,SSV Ulm 1846,HYBRID_DEF,58,66,65,75,74,56,58,55,60,61,55,27,43,48,3,64.0,57.89473684210526,26,2,0,14.559898781709862
247518,T. Bradbury,"CB, LB",DF,Harrogate Town,HYBRID_DEF,60,60,57,80,74,54,49,55,59,62,50,46,59,40,3,68.0,68.42105263157895,28,2,0,14.488201040111948
259039,B. Hidalgo,"RB, CB",DF,CF Montréal,HYBRID_DEF,60,60,52,65,62,52,34,61,62,31,42,44,64,65,4,54.0,49.12280701754386,24,2,6,14.943088947720232
79335,Joel da Silva Kiala,"CB, RB",DF,Alemannia Aachen,HYBRID_DEF,60,60,58,72,72,56,55,50,66,56,45,42,61,57,4,66.0,54.3859649122807,22,2,0,14.543103034605288
238319,T. Edwards,"CB, RB",DF,Salford City,HYBRID_DEF,59,60,61,74,68,58,58,57,60,79,60,56,60,66,3,38.0,50.87719298245614,27,2,2,14.658030217574458
258553,P. Galabov,"CB, RB",DF,Dundee FC,HYBRID_DEF,58,65,63,71,73,52,39,46,60,62,55,51,64,67,3,62.0,56.14035087719298,30,2,0,14.533090840971216
279045,B. Ogbus,"CB, RB",DF,SC Freiburg,HYBRID_DEF,60,64,63,70,63,57,46,54,59,59,45,36,54,60,3,58.0,64.91228070175438,20,2,5,14.479639649322664
77325,L. Jakirović,"CB, LB",DF,Dinamo Zagreb,HYBRID_DEF,57,59,58,65,70,63,64,68,55,61,67,51,56,53,3,68.0,50.87719298245614,18,2,0,14.593746769663518
277007,L. Shipley,"CB, LB",DF,Barrow,HYBRID_DEF,58,62,60,70,67,51,40,52,59,70,53,38,59,55,3,58.0,56.14035087719298,22,2,0,14.486143697094514
257873,W. Burrell,"LB, CB, RB",DF,Harrogate Town,HYBRID_DEF,57,58,58,72,79,53,51,55,58,65,54,51,56,68,4,44.0,50.87719298245614,35,3,0,28.95068889778095
74847,J. Godoy,"LB, CB",DF,Club Atlético Sarmiento,HYBRID_DEF,58,61,60,58,70,59,45,54,57,55,49,31,56,58,2,58.0,50.87719298245614,21,2,5,14.57138945208062
74080,F. Davi,"LB, CB",DF,Südtirol,HYBRID_DEF,62,61,59,49,49,57,40,58,61,61,49,44,62,74,3,38.0,40.35087719298246,24,2,6,15.007799814013408
253024,G. Stanger,"CB, RB",DF,Kilmarnock,HYBRID_DEF,61,64,61,72,70,49,40,50,53,61,45,39,52,55,3,70.0,57.89473684210526,25,2,0,14.491646207584083
71777,I. M'Bahia,"CB, RB",DF,Clermont Foot 63,HYBRID_DEF,62,63,64,66,70,55,53,52,60,57,43,28,58,78,2,36.0,31.57894736842105,20,2,2,14.870983985508353
72833,M. Baldi,"RB, CB",DF,SS Juve Stabia,HYBRID_DEF,61,58,59,70,64,57,46,53,56,61,45,42,57,46,3,74.0,64.91228070175438,24,2,4,14.456268216111225
243848,B. Lyons-Foster,"RB, CB, LB",DF,HJK Helsinki,HYBRID_DEF,58,60,58,67,68,56,46,54,58,60,50,39,60,63,3,54.0,49.12280701754386,25,3,5,28.785254218009875
80528,P. Wik,"CB, LB",DF,Bryne FK,HYBRID_DEF,56,61,59,69,70,57,52,57,60,58,45,31,57,43,3,74.0,59.64912280701754,21,2,4,14.450061637197916
82330,L. Martes,"RB, CB",DF,Sparta Rotterdam,HYBRID_DEF,57,59,55,55,72,54,48,53,55,51,45,46,53,69,3,48.0,36.8421052631579,17,2,5,14.661979957341144
236702,R. Ogle,"RB, CB",DF,Oldham Athletic,HYBRID_DEF,59,58,57,66,67,53,50,53,57,60,53,44,58,76,4,50.0,52.63157894736842,26,2,0,14.657426407645266
79785,H. Coulibaly,"CB, LB",DF,TSV Hartberg,HYBRID_DEF,62,64,66,67,68,54,35,52,60,55,47,33,61,59,2,60.0,54.3859649122807,22,2,0,14.580313842310604
70834,Barrachina,"CB, LB",DF,Real Zaragoza,HYBRID_DEF,58,62,62,70,69,66,66,58,62,51,49,31,58,62,4,58.0,43.85964912280702,19,2,5,14.613909197342904
72376,J. Norbye,"CB, LB",DF,RB Leipzig,HYBRID_DEF,58,62,60,86,73,54,52,48,59,56,48,32,57,54,3,76.0,78.94736842105263,18,2,4,14.567682560979797
235704,S. Todd,"CB, LB",DF,Bohemian FC,HYBRID_DEF,64,60,57,76,70,64,61,41,52,65,53,38,53,44,3,58.0,50.87719298245614,27,2,0,14.617086277198839
268986,A. Suhail,"CB, RB",DF,,HYBRID_DEF,57,61,59,74,81,53,54,51,61,59,49,35,55,58,3,52.0,45.6140350877193,27,2,0,14.48991632417343
78523,L. Trslic,"CB, RB",DF,1. FC Schweinfurt 05,HYBRID_DEF,59,66,66,67,63,58,42,61,58,54,42,27,57,48,2,68.0,57.89473684210526,24,2,0,14.58364731124458
264649,E. Džogović,"RB, CB",DF,1. FC Magdeburg,HYBRID_DEF,55,60,59,67,67,58,48,60,57,55,53,51,52,69,2,48.0,52.63157894736842,22,2,5,14.575254743876942
268749,B. Aguilar,"CB, RB",DF,Lanús,HYBRID_DEF,64,61,62,70,66,51,46,46,62,57,48,38,60,69,3,46.0,50.87719298245614,22,2,0,14.503452464112641
79060,A. Sava,"LB, CB",DF,Metaloglobus București,HYBRID_DEF,60,60,55,67,60,58,60,59,59,48,52,39,56,54,2,58.0,57.89473684210526,34,2,0,14.738735202860912
254422,K. Peralta,"CB, RB",DF,Mushuc Runa,HYBRID_DEF,55,61,58,72,80,60,58,55,56,68,70,61,56,80,2,66.0,56.14035087719298,28,2,0,14.814500432474718
273885,L. Reichardt,"CB, LB",DF,FC Hansa Rostock,HYBRID_DEF,64,65,63,59,63,56,54,60,58,56,58,52,63,60,3,68.0,38.59649122807018,21,2,0,14.598793597717265
76521,O. Cotton,"CB, LB",DF,IF Brommapojkarna,HYBRID_DEF,59,63,60,61,67,57,51,56,60,60,56,39,59,62,3,74.0,45.6140350877193,20,2,0,14.499590231584808
253421,K. Ledwidge,"CB, LB",DF,Shelbourne FC,HYBRID_DEF,58,62,60,74,68,56,49,52,55,72,52,39,60,65,2,42.0,45.6140350877193,24,2,2,14.545243531440242
275183,J. Mellberg,"CB, LB",DF,FC Red Bull Salzburg,HYBRID_DEF,59,62,58,63,66,59,56,56,61,60,52,41,55,58,3,62.0,49.12280701754386,19,2,0,14.430913735657233
70136,A. Bravo,"CB, LB",DF,Instituto Atlético Central Córdoba,HYBRID_DEF,63,66,67,67,68,40,41,47,61,55,54,37,58,63,2,58.0,57.89473684210526,24,2,0,14.662343957677132
77311,H. Hilvenius,"CB, RB",DF,BK Häcken,HYBRID_DEF,57,64,60,63,65,62,53,54,60,57,47,38,59,56,3,58.0,54.3859649122807,18,2,5,14.432063038135336
80157,B. Verrengia,"CB, LB",DF,Catanzaro,HYBRID_DEF,64,63,60,66,57,59,45,51,58,64,42,36,57,54,3,60.0,57.89473684210526,22,2,7,14.545141204291296
259617,J. Villamil,"LB, CB",DF,Gualberto Villarroel SJ,HYBRID_DEF,57,62,57,56,59,62,58,58,48,43,59,30,49,67,2,40.0,42.10526315789474,33,2,5,15.139757313365735
270373,E. Campbell,"CB, LB",DF,Everton,HYBRID_DEF,61,61,58,69,69,47,34,49,58,57,54,35,59,65,3,52.0,28.07017543859649,21,2,0,14.685832567275906
79923,K. Keresztes,"CB, LB",DF,Dundee United FC,HYBRID_DEF,63,60,60,72,72,50,35,50,55,52,50,30,59,47,2,78.0,45.6140350877193,26,2,0,14.687853515592614
278596,L. Graham,"CB, LB",DF,Dundee FC,HYBRID_DEF,58,61,59,66,66,51,43,51,59,62,48,40,57,51,2,60.0,49.12280701754386,22,2,6,14.54754335248325
253001,A. Al Salem,"LB, CB",DF,Al Akhdoud Saudi Club,HYBRID_DEF,56,55,57,74,72,53,47,55,56,63,48,46,55,65,3,50.0,56.14035087719298,27,2,0,14.587326305077013
266577,J. Golding,"CB, RB",DF,Oxford United,HYBRID_DEF,58,61,60,68,67,58,48,50,59,58,54,34,55,55,3,64.0,42.10526315789474,21,2,5,14.484303072810896
73312,J. Ćalušić,"CB, LB",DF,Konyaspor,HYBRID_DEF,65,72,70,65,62,33,34,38,58,46,43,31,49,46,3,62.0,57.89473684210526,32,2,7,15.011910821141447
251747,A. Khurana,"CB, RB",DF,United Tigers SC,HYBRID_DEF,58,58,55,79,69,53,42,45,59,64,53,34,53,42,3,60.0,59.64912280701754,32,2,0,14.561018299308934
261988,S. Grehan,"CB, RB",DF,Doncaster Rovers,HYBRID_DEF,60,60,58,70,65,56,55,54,58,59,56,45,57,47,3,56.0,57.89473684210526,22,2,0,14.425502103968112
78440,Y. Hör,"RB, CB",DF,TSG 1899 Hoffenheim II,HYBRID_DEF,57,63,64,57,49,55,48,55,57,51,41,36,56,57,2,60.0,45.6140350877193,21,2,6,14.657195642490112
279657,B. Nink,"RB, CB",DF,SV Wehen Wiesbaden,HYBRID_DEF,58,61,58,64,61,59,50,58,57,51,54,55,56,57,4,60.0,52.63157894736842,18,2,0,14.501413355441473
243827,L. Cass,"RB, CB",DF,Harrogate Town,HYBRID_DEF,58,59,57,74,71,57,50,58,59,61,55,38,55,53,3,60.0,47.36842105263158,26,2,0,14.467750397698191
72308,A. Chabane,"RB, CB",DF,Amiens SC,HYBRID_DEF,60,62,64,73,64,62,50,60,56,51,40,37,49,68,3,54.0,43.85964912280702,19,2,5,14.600958982251113
76413,K. Simojoki,"LB, RB, CB",DF,HJK Helsinki,HYBRID_DEF,52,59,58,62,68,57,53,59,50,51,45,34,48,69,4,48.0,47.36842105263158,19,3,5,28.859877554658837
71046,J. Rapp,"RB, CB",DF,IFK Värnamo,HYBRID_DEF,59,61,58,70,69,58,48,54,60,54,56,30,58,54,3,62.0,56.14035087719298,25,2,0,14.453014892766019
79498,C. Makutungu,"LB, CB",DF,FC Annecy,HYBRID_DEF,60,61,65,51,55,43,35,50,58,57,41,38,54,76,2,38.0,38.59649122807018,28,2,7,15.103111050213956
71309,Bruno Oliveira,"CB, LB",DF,Gangwon FC,HYBRID_DEF,60,60,58,71,71,56,52,48,58,60,45,35,59,63,3,60.0,57.89473684210526,29,2,0,14.460840623885437
80286,O. Pašagić,"CB, LB",DF,Metaloglobus București,HYBRID_DEF,60,60,57,61,66,59,55,60,58,60,54,48,57,51,2,64.0,61.40350877192982,28,2,0,14.602863035823459
78760,N. Boissé,"RB, CB",DF,Le Mans FC,HYBRID_DEF,56,61,60,48,55,51,42,51,52,56,48,37,56,84,3,28.0,40.35087719298246,20,2,6,15.234868839034075
80064,L. Siliadin,"LB, CB",DF,US Boulogne Cote d'Opale,HYBRID_DEF,54,62,57,73,74,56,49,52,55,52,53,48,54,65,3,48.0,49.12280701754386,24,2,0,14.561125985768644
272833,M. Al Rajih,"RB, CB",DF,Al Shabab,HYBRID_DEF,60,63,60,72,75,50,42,49,62,55,44,27,51,51,3,50.0,49.12280701754386,22,2,0,14.512316413339754
76758,N. Glossoa,"CB, RB",DF,Pau FC,HYBRID_DEF,54,60,58,82,74,59,55,56,58,59,47,40,47,62,2,64.0,49.12280701754386,21,2,0,14.659488122601008
80353,N. Suárez,"CB, LB",DF,Colo-Colo,HYBRID_DEF,61,63,60,70,66,51,40,45,61,55,43,26,50,61,2,48.0,50.87719298245614,20,2,7,14.613795573350464
74472,K. Pedro,"CB, RB",DF,AS Saint-Étienne,HYBRID_DEF,56,67,58,70,69,53,37,58,53,56,52,36,54,61,3,52.0,43.85964912280702,20,2,0,14.523072283134393
77545,M. Walker,"CB, LB",DF,FC Nordsjælland,HYBRID_DEF,59,61,59,64,67,59,53,58,60,56,52,42,56,72,3,58.0,54.3859649122807,19,2,5,14.425053525233098
245493,M. Al Qaydhi,"LB, CB",DF,Al Akhdoud Saudi Club,HYBRID_DEF,59,60,63,75,71,55,44,54,55,60,46,40,56,54,3,62.0,66.66666666666667,27,2,0,14.47294239183744
75524,Y. Bettkober,"CB, RB",DF,Grasshopper Club Zürich,HYBRID_DEF,62,61,65,72,67,48,30,42,59,52,45,25,53,48,2,68.0,64.91228070175438,20,2,7,14.593414772055665
264203,R. Hamed,"CB, RB",DF,Al Ahli SFC,HYBRID_DEF,60,60,56,69,72,56,48,51,62,56,39,42,56,73,3,42.0,52.63157894736842,23,2,0,14.671887038026798
74507,T. Akpakoun,"CB, RB",DF,ESTAC Troyes,HYBRID_DEF,58,66,61,63,65,56,38,41,56,55,40,31,48,74,3,36.0,31.57894736842105,20,2,7,14.918194833745044
229911,M. Kenlock,"LB, CB",DF,Barnet,HYBRID_DEF,57,57,56,70,66,52,43,55,59,63,54,46,57,67,3,58.0,50.87719298245614,29,2,0,14.541214471351736
228134,P. McClean,"CB, LB",DF,Sligo Rovers,HYBRID_DEF,52,58,57,76,73,53,51,52,50,77,44,32,52,49,3,60.0,45.6140350877193,29,2,0,14.747414587834909
272944,R. Badescu,"LB, CB",DF,Rapid Bucuresti,HYBRID_DEF,57,62,60,69,66,59,57,52,53,59,55,43,52,64,3,72.0,57.89473684210526,20,2,5,14.507323057530689
74551,De las Sías,"CB, RB",DF,Rayo Vallecano,HYBRID_DEF,58,58,58,65,63,57,50,55,58,75,47,43,55,61,3,48.0,47.36842105263158,20,2,0,14.564980132852652
260435,S. Issah,"CB, LB",DF,FC Hermannstadt,HYBRID_DEF,59,59,54,72,71,52,40,52,57,64,45,27,59,54,2,64.0,61.40350877192982,26,2,3,14.566729569512754
70744,L. Turner,"CB, LB",DF,St Patrick's Athletic FC,HYBRID_DEF,57,60,58,75,66,52,54,45,56,64,43,25,56,52,2,60.0,54.3859649122807,23,2,3,14.585147037932176
75639,M. Litherland,"CB, RB",DF,Blackburn Rovers,HYBRID_DEF,59,58,58,67,64,50,44,50,58,59,41,30,58,54,2,54.0,43.85964912280702,20,2,0,14.620312982963917
273533,F. Bouebari,"LB, CB",DF,Rot-Weiss Essen,HYBRID_DEF,58,65,66,67,65,49,32,48,58,58,53,32,57,56,2,62.0,57.89473684210526,22,2,7,14.592227794479632
80766,J. Candelaria,"LB, CB",DF,NAC Breda,HYBRID_DEF,60,64,66,58,62,26,32,36,62,57,40,40,59,60,2,56.0,47.36842105263158,22,2,7,15.011870979650423
80774,G. Bakhouche,"CB, LB",DF,Toulouse FC,HYBRID_DEF,59,65,66,58,63,59,40,40,59,52,50,28,56,67,3,60.0,47.36842105263158,21,2,7,14.594925014130782
276627,F. Lino,"LB, CB",DF,Melbourne Victory,HYBRID_DEF,48,53,52,68,72,44,39,54,52,62,55,34,50,62,2,52.0,49.12280701754386,20,2,6,14.86053008896189
73367,D. Duah,"CB, LB, RB",DF,FC Energie Cottbus,HYBRID_DEF,56,60,57,72,68,58,57,54,57,56,61,46,58,46,3,68.0,63.1578947368421,22,3,0,28.766907128955406
256672,R. Staunton,"LB, CB",DF,Grimsby Town,HYBRID_DEF,56,58,56,72,68,54,40,52,55,52,58,60,54,69,3,54.0,50.87719298245614,24,2,0,14.629449035783404
248482,K. Al Dawsari,"CB, RB, LB",DF,NEOM SC,HYBRID_DEF,55,59,57,73,76,52,49,51,57,67,48,37,53,62,3,48.0,49.12280701754386,27,3,0,28.836450329788377
234919,C. Valencia,"CB, LB",DF,San Antonio Bulo Bulo,HYBRID_DEF,58,58,59,72,73,36,29,48,56,54,43,30,62,81,2,60.0,52.63157894736842,34,2,0,14.97894600571817
71850,P. Mollica,"RB, CB",DF,Caracas FC,HYBRID_DEF,58,64,58,54,46,44,35,45,72,54,48,30,49,65,4,54.0,42.10526315789474,21,2,7,15.005205373285943
245420,H. Qasim,"LB, CB",DF,Al Fateh,HYBRID_DEF,55,55,52,66,64,52,50,54,58,67,43,51,53,75,3,36.0,40.35087719298246,28,2,0,14.940826601714063
270515,P. Lehmann,"CB, RB",DF,SC Verl,HYBRID_DEF,60,61,55,77,69,53,43,47,53,44,54,44,58,55,3,68.0,63.1578947368421,21,2,7,14.523760763052255
242874,Yang Fan,"CB, RB",DF,Tianjin Jinmen Tiger,HYBRID_DEF,56,62,60,73,68,53,56,51,57,56,48,41,55,73,3,52.0,54.3859649122807,29,2,0,14.566866422305939
78541,E. Porstner,"LB, CB",DF,1. FC Nürnberg,HYBRID_DEF,55,59,61,70,60,56,44,55,56,60,43,43,55,57,3,62.0,56.14035087719298,18,2,5,14.486316606964118
74450,A. Verstraeten,"CB, LB",DF,Royal Antwerp FC,HYBRID_DEF,58,62,65,60,64,66,57,55,57,57,54,57,55,71,2,42.0,36.8421052631579,20,2,5,14.7939317849351
79061,G. Dumitru,"CB, RB",DF,Metaloglobus București,HYBRID_DEF,58,59,56,61,66,61,62,53,59,69,53,47,56,61,2,48.0,49.12280701754386,20,2,0,14.634784760335956
81896,L. Gardenier,"LB, CB",DF,Feyenoord,HYBRID_DEF,54,56,55,55,67,54,48,54,55,57,47,48,53,57,3,58.0,52.63157894736842,19,2,6,14.503571768156313
268540,L. Billington,"RB, CB",DF,Crewe Alexandra,HYBRID_DEF,56,58,55,72,71,55,55,50,58,46,44,41,55,51,3,58.0,57.89473684210526,22,2,6,14.486594035552864
78088,Otávio,"CB, LB",DF,Estrela da Amadora,HYBRID_DEF,52,60,60,65,67,58,49,58,52,57,50,33,55,55,2,54.0,50.87719298245614,20,2,5,14.55601493451139
231179,J. Al Dossary,"CB, LB",DF,Al Kholood,HYBRID_DEF,51,53,60,71,74,50,38,56,53,71,47,42,54,64,3,44.0,50.87719298245614,32,2,0,14.893540528566213
266539,Hwang In Taek,"CB, LB",DF,Daegu FC,HYBRID_DEF,58,63,60,75,67,44,43,38,56,57,43,38,49,53,3,54.0,47.36842105263158,22,2,7,14.518788204332338
75568,Albert,"LB, CB",DF,Elche CF,HYBRID_DEF,56,52,55,56,59,59,56,64,55,49,43,44,49,56,3,60.0,50.87719298245614,17,2,6,14.5386563744716
257851,C. Allan,"CB, RB",DF,Falkirk,HYBRID_DEF,57,60,57,58,58,60,55,57,58,64,46,52,57,69,3,48.0,36.8421052631579,22,2,5,14.608666606547105
77629,M. Ahamada,"RB, CB",DF,Red Star FC,HYBRID_DEF,54,60,55,58,64,56,49,56,56,68,46,32,49,66,3,42.0,36.8421052631579,21,2,5,14.69357408956839
274525,F. Oliveros,"CB, LB",DF,Carabobo FC,HYBRID_DEF,51,65,60,66,68,58,55,33,55,56,40,31,47,64,4,48.0,56.14035087719298,21,2,7,14.755570134591125
274278,Lee Taek Keun,"LB, RB, CB",DF,Suwon FC,HYBRID_DEF,57,55,57,50,46,38,31,50,52,47,45,35,60,74,3,40.0,35.08771929824562,24,3,6,29.181705582200046
76135,R. Bouw,"LB, CB",DF,SC Heerenveen,HYBRID_DEF,53,61,68,51,52,43,32,44,57,51,42,36,51,65,2,54.0,28.07017543859649,19,2,6,15.132330564592497
259201,D. Finlayson,"RB, CB",DF,Livingston FC,HYBRID_DEF,55,58,54,78,68,53,46,52,55,64,46,38,52,52,2,70.0,63.1578947368421,25,2,3,14.539525836848668
75660,Samu Fernández,"CB, RB",DF,RC Deportivo de La Coruña,HYBRID_DEF,58,60,60,65,64,57,50,42,58,56,60,50,50,60,3,38.0,40.35087719298246,19,2,0,14.693395273587527
275600,M. Akahomen,"LB, CB",DF,FC Basel 1893,HYBRID_DEF,52,55,50,52,59,49,34,58,57,55,47,26,57,66,3,60.0,50.87719298245614,18,2,5,14.604474399296624
251283,R. Burke,"CB, LB",DF,Waterford FC,HYBRID_DEF,58,59,58,56,61,55,50,50,55,68,45,55,52,68,2,42.0,45.6140350877193,25,2,2,14.852450625393017
243092,A. Abdugheni,"CB, RB, LB",DF,Changchun Yatai,HYBRID_DEF,55,58,52,75,72,50,43,51,54,61,47,55,55,54,3,58.0,54.3859649122807,28,3,7,28.849900404534402
73365,G. Wagner,"CB, LB",DF,Sønderjyske Fodbold,HYBRID_DEF,51,65,63,73,69,59,53,51,49,50,38,29,49,52,2,62.0,57.89473684210526,20,2,5,14.736873921567147
79515,M. Commaret,"CB, RB",DF,Stade Lavallois Mayenne FC,HYBRID_DEF,61,65,63,59,57,40,38,43,58,52,48,36,51,58,3,56.0,49.12280701754386,24,2,7,14.556429385488444
81564,D. Djédjé,"CB, RB",DF,Sporting Club Bastia,HYBRID_DEF,59,65,57,65,65,44,28,52,57,57,51,28,48,54,2,60.0,49.12280701754386,19,2,7,14.705125748287491
262048,H. Ruivah,"CB, RB",DF,Kerala Blasters FC,HYBRID_DEF,61,60,62,74,71,53,50,56,56,46,50,38,44,70,3,48.0,49.12280701754386,25,2,0,14.695274677393664
271025,F. Díaz,"LB, CB",DF,Club Atlético Unión,HYBRID_DEF,53,60,56,65,56,47,42,48,58,47,44,35,53,65,3,48.0,56.14035087719298,25,2,7,14.568973029884548
235185,P. Stolc,"CB, RB",DF,Arka Gdynia,HYBRID_DEF,58,58,56,62,59,56,52,58,57,54,49,37,61,67,3,60.0,50.87719298245614,31,2,5,14.606620963518965
278707,I. Vådebu,"RB, CB",DF,Tromsø IL,HYBRID_DEF,57,56,54,61,54,52,43,53,55,56,42,43,52,57,2,58.0,52.63157894736842,22,2,6,14.60957319594255
273087,A. Hedén Lindskog,"CB, LB",DF,Degerfors IF,HYBRID_DEF,55,58,56,64,63,56,53,55,58,55,45,30,56,55,3,62.0,56.14035087719298,22,2,5,14.42139850232959
80326,E. Amundsen-Day,"CB, LB",DF,Hamarkameratene,HYBRID_DEF,58,60,58,59,62,54,49,50,59,57,47,31,56,53,3,66.0,47.36842105263158,20,2,5,14.429040733952714
78792,P. Weissenbacher,"RB, CB",DF,SV Ried,HYBRID_DEF,54,56,54,66,64,55,53,52,55,47,45,44,49,62,2,58.0,52.63157894736842,20,2,6,14.589193092526571
274636,A. Bannon,"RB, CB",DF,Derry City,HYBRID_DEF,55,54,55,65,63,57,52,54,52,54,52,45,54,55,3,58.0,50.87719298245614,22,2,6,14.476216219183838
225740,Dong Yanfeng,"CB, RB",DF,Chengdu Rongcheng,HYBRID_DEF,56,58,59,71,64,50,43,54,58,58,50,54,53,63,2,54.0,57.89473684210526,30,2,2,14.662027356366014
259276,W. Sutton,"CB, RB",DF,Oldham Athletic,HYBRID_DEF,58,57,56,74,68,47,40,41,57,59,52,32,58,56,3,64.0,61.40350877192982,23,2,7,14.476471131297151
72409,T. Dahl,"CB, LB",DF,Rosenborg BK,HYBRID_DEF,57,57,55,68,68,60,59,59,56,50,56,54,51,67,3,60.0,50.87719298245614,21,2,5,14.538633222829006
263648,J. Leake,"LB, CB",DF,Oldham Athletic,HYBRID_DEF,54,55,56,57,56,51,44,53,55,60,51,49,56,67,2,46.0,49.12280701754386,23,2,6,14.712324652109839
248304,N. Tamang,"CB, RB",DF,FC Goa,HYBRID_DEF,54,61,59,74,80,54,47,50,50,60,43,30,42,53,2,46.0,45.6140350877193,30,2,0,14.882768421725908
71424,J. Prent-Eckbo,"CB, RB",DF,KFUM-Kameratene Oslo,HYBRID_DEF,56,57,55,64,60,54,50,53,57,55,48,43,50,50,2,50.0,49.12280701754386,19,2,6,14.562447735949368
72992,J. Tijink,"CB, LB",DF,Heracles Almelo,HYBRID_DEF,55,65,62,59,57,40,35,35,60,54,54,28,53,60,2,64.0,50.87719298245614,21,2,7,14.743498382516984
263492,G. Dănuleasă,"CB, RB",DF,FCV Farul Constanța,HYBRID_DEF,54,60,54,72,71,50,55,44,50,62,43,38,50,58,3,62.0,57.89473684210526,22,2,7,14.527037167319387
225873,R. Feely,"CB, RB",DF,Cork City,HYBRID_DEF,54,58,51,71,69,59,61,51,51,59,49,51,48,45,2,64.0,50.87719298245614,29,2,3,14.741884761111274
277591,F. Lissah,"LB, CB, RB",DF,Falkirk,HYBRID_DEF,56,57,55,63,61,56,52,50,54,59,55,49,49,60,2,52.0,40.35087719298246,21,3,6,28.885355898549665
78177,L. Zuka,"LB, CB",DF,Servette FC,HYBRID_DEF,54,59,57,59,60,50,49,51,54,61,46,34,44,69,2,46.0,47.36842105263158,20,2,7,14.684166423812439
278641,C. Reynolds,"RB, CB",DF,Sligo Rovers,HYBRID_DEF,56,58,56,53,56,48,44,47,57,68,50,45,55,59,2,60.0,40.35087719298246,20,2,6,14.773576282425315
269682,A. Makki,"CB, RB, LB",DF,Al Shabab,HYBRID_DEF,57,59,58,73,63,55,50,44,58,45,42,42,54,65,3,46.0,49.12280701754386,26,3,0,28.874890409955405
71288,G. Swajkowski,"CB, RB",DF,Rot-Weiss Essen,HYBRID_DEF,53,60,57,68,64,50,41,52,55,54,38,28,56,58,3,58.0,49.12280701754386,20,2,7,14.526912315757137
262028,F. Terry,"CB, LB",DF,Colchester United,HYBRID_DEF,59,59,55,70,63,41,33,46,57,55,49,28,59,62,2,54.0,45.6140350877193,22,2,7,14.699767925103929
252835,G. Horton,"RB, CB",DF,Harrogate Town,HYBRID_DEF,56,59,57,73,63,54,54,55,56,57,59,46,57,39,2,72.0,54.3859649122807,24,2,0,14.573126089874913
271269,P. Saathof,"CB, RB",DF,Go Ahead Eagles,HYBRID_DEF,58,60,57,45,54,60,55,59,55,65,43,46,60,69,2,44.0,36.8421052631579,22,2,6,15.00402441322124
80580,J. Erat,"CB, LB",DF,NAC Breda,HYBRID_DEF,51,55,59,69,68,53,35,58,51,62,51,37,54,60,2,58.0,49.12280701754386,18,2,5,14.703242963549496
77511,R. Roberts,"CB, LB",DF,San Jose Earthquakes,HYBRID_DEF,60,54,53,64,65,61,58,39,56,57,56,33,48,54,2,58.0,59.64912280701754,22,2,6,14.66794902061206
81875,Vitor Vargas,"LB, CB",DF,Al-Najma SC,HYBRID_DEF,46,54,51,61,64,53,54,54,51,56,52,43,51,70,3,52.0,57.89473684210526,22,2,5,14.689185182134764
74465,L. Strobl,"RB, CB",DF,TSG 1899 Hoffenheim II,HYBRID_DEF,55,64,62,69,67,40,40,46,58,50,47,29,51,50,2,66.0,66.66666666666667,20,2,7,14.50501579446167
272355,D. Herrington,"CB, RB",DF,Central Coast Mariners,HYBRID_DEF,55,55,53,71,68,51,51,45,55,61,53,41,53,61,3,68.0,59.64912280701754,21,2,7,14.511566472561467
80624,N. Zilliox,"CB, RB",DF,Sporting Club Bastia,HYBRID_DEF,57,61,57,59,61,56,48,47,55,54,53,31,50,54,3,52.0,47.36842105263158,22,2,5,14.503878217328584
277744,T. Aydın,"CB, RB",DF,Kasımpaşa SK,HYBRID_DEF,56,64,67,57,54,54,38,50,54,53,52,33,56,57,3,48.0,49.12280701754386,20,2,6,14.643557224380736
71412,Choi Seok Hyun,"CB, RB",DF,Ulsan HD FC,HYBRID_DEF,57,56,52,62,78,32,20,49,59,67,43,26,60,66,3,44.0,54.3859649122807,23,2,7,15.177842282322707
276251,J. Torsvik,"LB, CB",DF,SK Brann,HYBRID_DEF,48,57,55,52,47,46,34,56,50,55,48,42,52,72,3,46.0,35.08771929824562,20,2,6,14.952750437589645
278828,J. Dixon,"CB, RB",DF,Stoke City,HYBRID_DEF,55,55,54,67,72,44,41,46,54,56,49,39,54,67,3,48.0,50.87719298245614,19,2,7,14.668247621771558
80177,S. Camara,"CB, LB",DF,FC Winterthur,HYBRID_DEF,51,56,54,80,69,51,46,48,49,60,36,35,37,37,3,64.0,68.42105263157895,18,2,6,14.904887088654812
259378,A. Al Shanqeeti,"CB, RB",DF,Al Hazem FC,HYBRID_DEF,51,54,54,73,72,47,41,43,55,60,43,32,50,56,4,56.0,54.3859649122807,27,2,7,14.674917018579553
275008,J. Neeley,"CB, RB",DF,Charlotte FC,HYBRID_DEF,60,65,62,60,57,33,26,45,58,55,41,32,40,57,2,58.0,52.63157894736842,20,2,7,14.89462133943237
79949,T. Lang,"CB, RB",DF,Falkirk,HYBRID_DEF,58,62,66,65,59,42,31,41,56,45,45,29,45,54,2,60.0,57.89473684210526,28,2,7,14.803771096142237
